Key,x_position,y_position,vector_x,vector_y,vector_z,gaze_pitch,gaze_yaw,roll,pitch,yaw,distance
pt15,692.6757008095325,282.0714159826788,-0.014627807272474296,0.02339024485649028,-0.9996193938256628,-1.3402845434105544,0.83837089385613,3.3137297655917344,10.558234330183858,3.699213463594385,0.7756619461335802
pt15,692.6757008095325,282.0714159826788,-0.019514037052086063,0.017236585536821277,-0.9996609653317956,-0.9876325128437353,1.1183091263679077,3.0614993372424433,10.456982679246877,3.3248664096887763,0.7744984337476817
pt15,692.6757008095325,282.0714159826788,-0.006879413556810973,0.06325814788114184,-0.9979735611743383,-3.626846502287641,0.39495547226351224,3.4421415439162817,9.782581544710348,3.350712715418206,0.7734125236418502
pt15,692.6757008095325,282.0714159826788,-0.011134727344423636,0.016686005737435075,-0.9997988096899173,-0.9560820750258678,0.6380748829478751,3.479719403653503,10.153222925593315,3.1525237750483117,0.7749056727131095
pt15,692.6757008095325,282.0714159826788,0.020993748030154944,0.04423204855415144,-0.9988006578149321,-2.5351368150031246,-1.2041202186114404,3.3859148138342956,9.538428372665297,3.3702269591494654,0.772536252433595
pt15,692.6757008095325,282.0714159826788,-0.0009681642483892379,0.017275574812047566,-0.9998503217945514,-0.9898667664348032,0.055480012119638454,3.313432438270136,10.428708142156843,3.0900684248225416,0.7739897264738893
pt15,692.6757008095325,282.0714159826788,0.06150105211252565,0.03705812340583567,-0.9974188533072109,-2.123760352049025,-3.5284024611697227,3.403964595278611,10.220701107129655,2.967147019475004,0.776861368577633
pt15,692.6757008095325,282.0714159826788,0.06286924755090553,0.08382044397709301,-0.9944956597473366,-4.808199220039325,-3.617266128915147,3.414731968236004,9.747943610601553,2.8509067083024493,0.7725871417610192
pt15,692.6757008095325,282.0714159826788,0.05106570209287305,0.05188236832721882,-0.9973467620152145,-2.9739759701807285,-2.931073255873465,3.5248267808634592,10.093524899349237,2.9593165989305183,0.7765642399340849
pt15,692.6757008095325,282.0714159826788,0.054612836198933194,0.06793268984087059,-0.9961940526171575,-3.8952563497582826,-3.1378986267689233,3.371081712864126,10.150908750227872,2.856116586555794,0.7770131272662371
pt15,692.6757008095325,282.0714159826788,0.041100919940370434,0.06106351085935454,-0.9972873055651414,-3.5008593970496715,-2.359979244561378,3.293935862384844,10.04157891091327,3.0975124580732762,0.7760036171891082
pt15,692.6757008095325,282.0714159826788,0.05864069902837344,0.01430942461722127,-0.9981766262259246,-0.8198976197734414,-3.362137673140633,3.2424883814253156,10.084495821412975,3.2649670034983274,0.773383004792089
pt15,692.6757008095325,282.0714159826788,0.043824029823458115,0.050240972757986634,-0.9977751799747533,-2.8798080790628253,-2.5149144187944428,3.289525659398987,10.022189397199543,3.4905843195891118,0.7742147158191165
pt15,692.6757008095325,282.0714159826788,0.04709749843137802,0.07281073941797048,-0.9962331210239037,-4.175442913374763,-2.706675942123638,3.2118574284036607,10.425687685733779,2.926425794920059,0.7740904437671762
pt15,692.6757008095325,282.0714159826788,0.024176698905708026,0.0689561370636254,-0.9973266823218735,-3.9540333949837034,-1.388663902945831,3.4490261760353356,9.470490117579942,3.1463228363237175,0.7762240970736061
pt15,692.6757008095325,282.0714159826788,0.09138474230591219,0.0664604851777706,-0.9935953808014829,-3.8107141421214275,-5.254926357314224,3.0450444745604215,10.028041651388694,3.4233313561779086,0.7713745069231668
pt15,692.6757008095325,282.0714159826788,0.03945563128373776,0.07950862789498093,-0.996053032369495,-4.560322219430888,-2.268413218732224,3.4400996003860804,10.294463871924675,3.2803166315001775,0.7731904842515415
pt15,692.6757008095325,282.0714159826788,0.020858261902992777,0.05675812534870139,-0.9981701183182199,-3.253749616919583,-1.1971070339461864,3.476849566216538,9.911822327741017,3.0457868176429446,0.7747739180603035
pt15,692.6757008095325,282.0714159826788,0.0491165955596611,0.042190836245043925,-0.9979015482184869,-2.418074602114757,-2.817817445302623,3.6144284379896376,9.93730567599855,3.125187984131388,0.7717369408813216
pt15,692.6757008095325,282.0714159826788,-0.015817246913998544,0.05892371739981967,-0.9981371860566828,-3.378037006567909,0.9078768486377615,3.339354916334023,9.952359732081025,3.2658088380161754,0.7741909391897523
pt15,692.6757008095325,282.0714159826788,0.002543159356348338,0.02647656938923724,-0.9996462340453203,-1.5171729757908379,-0.14576354956890059,3.278947759367642,10.385276973121353,3.081063609205089,0.7760996327578246
pt15,692.6757008095325,282.0714159826788,0.0011395602040823948,0.04706870951089063,-0.9988909789642443,-2.6978351873109583,-0.06536445242227398,3.207971880607219,10.214657325939013,3.1683205746240763,0.7738520746756605
pt15,692.6757008095325,282.0714159826788,-0.003932753365965171,0.03636489469113801,-0.9993308117394923,-2.084014479179689,0.225479894995475,3.4248250597981285,10.129709341854745,2.8711084060542706,0.7748737251930653
pt15,692.6757008095325,282.0714159826788,-0.000669519878385429,0.051808613393926145,-0.9986568361845845,-2.9697444328662383,0.038412251530684574,3.281172015738634,9.999935117666642,3.1828122115942676,0.7758275456273435
pt15,692.6757008095325,282.0714159826788,-0.013565907578992918,0.0500624592605185,-0.9986539316000094,-2.869567121949455,0.778269048298222,3.3410349760856044,10.377504455556362,3.189647930098647,0.7755834728566072
pt15,692.6757008095325,282.0714159826788,-0.021718621245015373,0.027960462119830717,-0.999373069304978,-1.6022252855646892,1.2449699957879665,3.426039099654388,9.437060604977074,3.380337778151458,0.7746559129042498
pt15,692.6757008095325,282.0714159826788,0.040218775516802564,0.040104656571556145,-0.9983857394757487,-2.2984439712648723,-2.3068446580252813,3.4035508972823454,9.87356624671115,3.2183216720725065,0.7750320707137859
pt15,692.6757008095325,282.0714159826788,0.089789048897633,0.13364610191121237,-0.9869532391684032,-7.680337811991419,-5.198230552737404,3.7271488875032426,10.286503036892054,3.737429116321188,0.7759738192550169
pt15,692.6757008095325,282.0714159826788,-0.05980386891660084,0.06786605149350045,-0.9959004675977912,-3.8914294218184167,3.4364874942677384,4.063849453269021,10.819216142279332,3.7986637010406863,0.778600565492248
pt15,692.6757008095325,282.0714159826788,0.03530134248596854,0.13889245122462515,-0.9896780784224283,-7.983762249979944,-2.0428468930879737,3.843362785423833,10.648224585398136,3.075090033115871,0.7797116875936255
pt15,692.6757008095325,282.0714159826788,0.053132273109488815,0.0840316774953452,-0.9950455644792094,-4.820344859150401,-3.056509945021048,3.192347805482468,11.014145757223767,3.1558096285040165,0.7773260419104688
pt15,692.6757008095325,282.0714159826788,0.09152472006384353,0.04891148872563616,-0.9946008801540555,-2.803540466382796,-5.257639610884298,3.3780339614289865,10.565341711425738,3.221151588553374,0.7800087325196657
pt15,692.6757008095325,282.0714159826788,0.0229481682823465,0.0793070476134835,-0.9965860109675022,-4.548735933009878,-1.3191042824229682,3.6317598845131593,10.099365384682736,3.413726460966,0.7736869948226353
pt15,692.6757008095325,282.0714159826788,0.033391612756251056,0.0427834145930802,-0.998526200464915,-2.4520575270804805,-1.9153085685118496,3.196384656194721,10.434082079626963,3.2404911888362076,0.7753731668107839
pt15,692.6757008095325,282.0714159826788,0.02036954163625244,0.05781397281606926,-0.9981195209954088,-3.314344732398258,-1.1691252981658733,3.5589604309943614,10.138822751852546,3.101104947785804,0.7742632755621827
pt15,692.6757008095325,282.0714159826788,-0.00708948085263205,0.041949454349324455,-0.9990945909457739,-2.404232182951372,0.40655861625364514,3.4031928777533675,10.405004535342318,3.1331388065903716,0.7753002202913221
pt15,692.6757008095325,282.0714159826788,0.027418048804089903,0.02316486698767691,-0.999355602819076,-1.327367842808043,-1.5715572053975921,3.3422461175011873,9.604484763463688,3.355411749332339,0.7764500241492203
pt15,692.6757008095325,282.0714159826788,0.032603040697198805,0.040262271191023775,-0.9986570783228969,-2.3074819235467303,-1.8698644810171134,3.201391686710593,9.61061184859032,3.304012375353603,0.774475083051088
pt15,692.6757008095325,282.0714159826788,0.013240368272899967,0.08705826525506007,-0.9961152333985706,-4.994393641085326,-0.7615309190156658,3.378782613144239,9.675698357377959,3.4962877134486283,0.7751639329912446
pt15,692.6757008095325,282.0714159826788,0.010018615672940183,0.07820133480909867,-0.9968872484362666,-4.485185870309858,-0.5757973844269288,3.122848714720761,10.06620115014208,3.2065777843565195,0.7755420810125484
pt15,692.6757008095325,282.0714159826788,0.03854880002582027,0.07114931336197663,-0.9967205361769993,-4.0800026361681265,-2.2148467908691645,3.144606089177565,10.139773208351647,3.644694818507415,0.7727372230557997
pt15,692.6757008095325,282.0714159826788,0.04638815898354377,0.014424259585444256,-0.9988193240191707,-0.8264778579326206,-2.659076758281113,3.5285558570206828,10.047057995664936,3.195260678296175,0.7748923700477719
pt15,692.6757008095325,282.0714159826788,0.03813506168029709,0.06998468905022652,-0.9968189024915427,-4.013107808527181,-2.190882468420309,3.517698831795038,9.721468459143255,3.24032799147497,0.7745021075794974
pt15,692.6757008095325,282.0714159826788,0.03692441852321521,0.03271830197059327,-0.9987822790765417,-1.8749552365564575,-2.1172284947929105,3.413195949614984,9.849450237228528,3.0271530459527094,0.7759677236051005
pt15,692.6757008095325,282.0714159826788,0.012135469806448605,0.06535315878002534,-0.9977884061436849,-3.747130765554197,-0.6968179995488423,3.2324536518957823,9.794137780521654,3.269910717134168,0.7775558279217999
pt15,692.6757008095325,282.0714159826788,0.05516951917224875,0.017207592423209263,-0.9983286772143427,-0.9859710833902151,-3.1630552288343226,3.332140202947668,9.525051078251431,3.2351314287327266,0.7775463012010906
pt15,692.6757008095325,282.0714159826788,0.0627302821806519,0.038914019434890666,-0.9972715940445835,-2.2301721778188828,-3.5992716083357617,3.279646882564841,9.9483999447056,3.3816543506775973,0.7793194295641583
pt15,692.6757008095325,282.0714159826788,0.06258003424445102,0.050771563321585195,-0.9967477310585905,-2.910247527895058,-3.5925556397078355,3.106903193910509,9.7077673271884,3.2836676586969413,0.7766873436368023
pt15,692.6757008095325,282.0714159826788,0.027924393537655613,0.056764588877779236,-0.9979970276910637,-3.2541205478808464,-1.6027428044534224,3.5187402443329736,9.567036791713187,3.4391794223878653,0.7760868829975981
pt15,692.6757008095325,282.0714159826788,0.03235278012239246,0.07614334904136366,-0.9965719278044907,-4.366919251712915,-1.859401122541197,3.525532454376613,9.928515177421923,3.5103324638742572,0.7751254562083916
pt15,692.6757008095325,282.0714159826788,0.048665466604483905,0.032975264743674966,-0.9982706506718039,-1.8896860677604974,-2.7909466543005412,3.3063779784016942,10.229974654534056,3.2023856489669877,0.774757769184775
pt15,692.6757008095325,282.0714159826788,0.012291920701002275,0.05597657762152966,-0.9983563803461852,-3.2088989212524175,-0.7053990023368591,3.3831883819008577,10.174988719155072,3.218820808385929,0.776540005602139
pt15,692.6757008095325,282.0714159826788,0.004079166761519432,0.06101488959411474,-0.9981284534680643,-3.498068399577819,-0.23415597197894134,3.277438850020664,10.157396958187606,3.2986038246259706,0.7750430508262007
pt15,692.6757008095325,282.0714159826788,0.0526016008893289,0.06459997079983304,-0.9965239109781437,-3.7038848844514365,-3.0215584746419997,3.36192396801799,10.54577841743432,3.2192484059292648,0.7757129931227934
pt15,692.6757008095325,282.0714159826788,0.03181476834971682,0.00560239503222222,-0.9994780963637628,-0.3209952696969904,-1.823188194942178,3.2654480050792856,9.628670555484938,3.3817479616153707,0.7765674345418682
pt15,692.6757008095325,282.0714159826788,0.021865014997535518,0.04600468628796104,-0.9987019118483007,-2.636805023191488,-1.2542010386365925,3.507309606800121,9.990446651708602,3.3916147796921545,0.7768444933551956
pt15,692.6757008095325,282.0714159826788,0.059012857036548794,0.050785188437290144,-0.9969645859194592,-2.911029197916754,-3.3875295291702403,3.300626062159367,9.734407305598381,2.8837552666826776,0.778251251343162
pt15,692.6757008095325,282.0714159826788,0.06562159934530085,0.06208918862729652,-0.9959110154658914,-3.5597381366125753,-3.7698283118457776,3.126079278273956,9.742498868045594,3.033770066326586,0.7787156446718164
pt15,692.6757008095325,282.0714159826788,0.016002220941972057,0.057290466237889186,-0.9982292927783728,-3.284300215708283,-0.9184074272734308,3.37582228797471,9.996395427820135,3.3597619128712948,0.7783828865133698
pt15,692.6757008095325,282.0714159826788,0.03650714541041376,0.04452991073507876,-0.9983407616767732,-2.55221989322794,-2.094248612359232,3.3244988838462453,10.112044478419516,3.0052725341070854,0.7785720891939686
pt15,692.6757008095325,282.0714159826788,0.05497201340762435,0.04966081793332027,-0.9972521477216598,-2.846526108954763,-3.155149860429958,3.2690884331277146,9.534563678974758,3.527465378742549,0.7777749225304951
pt15,692.6757008095325,282.0714159826788,0.04980100824894871,0.028568543349311904,-0.9983504440619666,-1.637079699219108,-2.855735074540291,3.299581246954189,10.157076474184082,2.685010897843208,0.7790067461340937
pt15,692.6757008095325,282.0714159826788,0.04645223191318006,0.014448290990501662,-0.9988160006066662,-0.8278548995175842,-2.662753131771187,3.1872714216064186,9.732623417520289,3.5073023273272215,0.7769724629037077
pt15,692.6757008095325,282.0714159826788,0.040171664604458014,0.0324798329798687,-0.9986647415693564,-1.8612847040478573,-2.3035023849882177,3.219825410067234,10.418784160948677,3.2553180938486133,0.7773693119231503
pt15,692.6757008095325,282.0714159826788,0.030644064954215757,0.0511221801503503,-0.998222137134675,-2.9303625145411534,-1.7583504550947755,3.25612365323152,10.446839945605833,3.2142033957093035,0.778160612131853
pt15,692.6757008095325,282.0714159826788,0.08933115212505073,0.05194558396532344,-0.9946464361857053,-2.9776028500724454,-5.13207740097686,3.4162688925761002,10.184802088265311,3.086554384484405,0.7771825248353935
pt15,692.6757008095325,282.0714159826788,0.0412852048004493,0.05053386583520172,-0.9978685847269292,-2.896610960202972,-2.3691693573169905,3.3350957873623823,9.714416643127558,3.661916986104435,0.7767531015946115
pt15,692.6757008095325,282.0714159826788,0.06693968068159373,0.05199859800789557,-0.9964011148079517,-2.980644441563487,-3.843438747971403,3.315809238040285,10.005180422444289,2.9136862312829566,0.7752211392881512
pt15,692.6757008095325,282.0714159826788,0.08209449015669326,0.031186436164488365,-0.996136465320923,-1.7871409438501367,-4.711264202144306,3.4116452989878976,10.064483092328324,3.2162632670406026,0.7759731232779733
pt15,692.6757008095325,282.0714159826788,0.0293539923851872,0.04955113854502369,-0.9983401116131352,-2.8402341967131064,-1.6841709929552924,3.084580815099251,10.157073189574986,2.919771950786881,0.7749077625107182
pt15,692.6757008095325,282.0714159826788,0.02205641860393515,0.034342175383857906,-0.999166686959651,-1.968048685993507,-1.2645882827236257,3.416835348525737,10.21752299022005,3.3197632253789404,0.7732610342100161
pt15,692.6757008095325,282.0714159826788,0.025875905590714517,0.05366322046165767,-0.9982237811563472,-3.076153675065627,-1.484885725272832,3.3412667751403493,10.036951274120625,3.1283762359291183,0.773469251802314
pt15,692.6757008095325,282.0714159826788,0.06277805157150507,0.03162607028967378,-0.9975263077455564,-1.8123425558627133,-3.6010879218059904,3.0796637443182435,10.358006090103405,3.054243297574042,0.776365037805326
pt15,692.6757008095325,282.0714159826788,0.03821841154672824,0.044429344755817515,-0.9982812427922146,-2.5464521786956813,-2.192453088949415,2.9977502563737506,10.345485342867207,3.2613989913545764,0.7752597566761044
pt15,692.6757008095325,282.0714159826788,0.057887884804686485,0.043414245905759465,-0.9973785979005256,-2.488235115203932,-3.321722266202347,3.351873106201847,10.000675044692377,2.908587309895445,0.7746234600545763
pt15,692.6757008095325,282.0714159826788,0.05043001363992221,0.04397812569258919,-0.9977588755954993,-2.520573935495221,-2.8934548326859724,3.1922431413834356,10.26715835987557,3.3112879261851798,0.7747361029892262
pt15,692.6757008095325,282.0714159826788,0.028160125775780993,0.04049759286849997,-0.9987826845652292,-2.3209758682144197,-1.614994993039384,3.3208796567413494,9.887853059800717,3.4421627749801003,0.7749046262622207
pt15,692.6757008095325,282.0714159826788,0.026335353941930064,0.03949310565775876,-0.9988727395268727,-2.2633769011319163,-1.5102576104845007,3.03918345221357,10.288371987784071,3.3157024013794105,0.7764095749519524
pt15,692.6757008095325,282.0714159826788,0.01692025541870288,0.024213557497782607,-0.9995635551642096,-1.387470252276925,-0.9697899015525367,3.318173922644664,10.278886848503996,3.1437005569463015,0.7761521297496913
pt15,692.6757008095325,282.0714159826788,0.040910885014828195,0.057182876556392016,-0.997525145741741,-3.2781256587020158,-2.3485203911912538,3.2037729177022443,9.79139585462023,3.3866648680779825,0.7745675600914826
pt15,692.6757008095325,282.0714159826788,0.06944014505167558,0.030721764259632932,-0.9971129509130153,-1.76050444057798,-3.9837150957550564,3.217080943350823,9.742804967985174,3.141871794570905,0.7735193402149256
pt15,692.6757008095325,282.0714159826788,0.036247258872340433,0.03094486523159632,-0.9988636363332776,-1.7732932652738582,-2.0782657162255065,3.34740028742924,10.307912554364073,3.2202449796897716,0.7740723055537749
pt15,692.6757008095325,282.0714159826788,0.04272431988200377,0.03958444065509421,-0.9983024041248031,-2.268614106303702,-2.450590441237912,3.321809911578345,10.186745192184336,3.232304643565142,0.7750042404818783
pt15,692.6757008095325,282.0714159826788,0.011817027103971393,0.015075039292976565,-0.9998165440349274,-0.8637688458136303,-0.6771584836521953,3.1049138751163103,10.581197503709868,3.186006344544261,0.7752143826249618
pt15,692.6757008095325,282.0714159826788,0.020112847083782852,0.02767733061791945,-0.9994145104205612,-1.585996764635122,-1.1529007293009335,3.14180252414967,10.612987331778905,3.371910255732081,0.7749207800057242
pt15,692.6757008095325,282.0714159826788,0.03306251122054736,0.05449093649436208,-0.9979666975666452,-3.123647806855592,-1.8975079471286327,3.173924163332145,10.71526198132367,3.0942771544761336,0.7765197552525198
pt15,692.6757008095325,282.0714159826788,0.04413215550787626,0.032217312708248805,-0.9985061163709458,-1.8462355243852924,-2.530722269493661,3.0902399211793603,10.598370340320134,3.1957613931888833,0.7750383084388462
pt15,692.6757008095325,282.0714159826788,0.05257727917939929,0.03074796332123341,-0.9981433474775818,-1.7620062457290169,-3.0152729541792214,3.4825882384652336,10.56348021493789,3.4638582790084613,0.7730817491452213
pt15,692.6757008095325,282.0714159826788,0.04179500004027042,0.04741092859620403,-0.9980006497847341,-2.717464811637749,-2.398073215950284,3.470137059526366,10.252536753194915,3.3172512197972615,0.7705422874914126
pt15,692.6757008095325,282.0714159826788,0.039461748443048277,0.04672842823743976,-0.9981278706975738,-2.678317029726868,-2.264053307685417,3.4927301885889466,9.963187410661158,3.0207142293914653,0.7724469713502726
pt15,692.6757008095325,282.0714159826788,0.03455722341021948,0.010754266924938307,-0.9993448824506923,-0.6161859843673722,-1.9804918737477186,3.399144549908202,10.04733223812637,3.3787104348167674,0.770301181832914
pt15,692.6757008095325,282.0714159826788,0.01428669209213121,0.03635129485241497,-0.9992369344850992,-2.0832347502822395,-0.8191364441395231,3.5695426754962054,10.6046172562198,3.447581625984754,0.7756916434212111
pt15,692.6757008095325,282.0714159826788,0.03593641226844236,0.04949308401853574,-0.9981277098457441,-2.8369038310962726,-2.061976384302095,3.273389732554429,10.86561198370023,3.1037449426384516,0.7740112950754907
pt15,692.6757008095325,282.0714159826788,-0.007975817617635524,0.030678150948754597,-0.9994975000809211,-1.7580044035294322,0.45720073153953783,3.419543190409138,10.094326147987992,2.866724929282175,0.7734958879318837
pt15,692.6757008095325,282.0714159826788,0.012886520697786934,0.0768109395237968,-0.9969624074876038,-4.405281720358772,-0.7405516270046025,3.410916619859727,10.537960171062018,2.7978699554646815,0.7734997111618859
pt15,692.6757008095325,282.0714159826788,0.02393127206088992,0.04105282655055204,-0.9988703251550406,-2.3528148943262086,-1.372449049290673,3.400152024441629,9.925260690843476,3.4911268685707686,0.7741628369546968
pt15,692.6757008095325,282.0714159826788,0.06582214094795015,0.05099834633602853,-0.9965272877253196,-2.9232580924219667,-3.7789839863268964,3.442499016378379,10.630408685976217,2.626985825978195,0.7764933751037206
pt15,692.6757008095325,282.0714159826788,0.029174065180091323,0.04292281631271373,-0.9986523603311072,-2.4600520011360802,-1.6733305817963187,3.3352326434483714,9.8807981887507,3.0338238654321774,0.7766422333768164
pt15,692.6757008095325,282.0714159826788,0.01703501667348467,0.010605871218414003,-0.9997986631572647,-0.6076830517253087,-0.976136657611674,3.456504853814797,9.702183045855826,3.0399582558831058,0.7774388367870473
pt15,692.6757008095325,282.0714159826788,0.05236840968162985,0.03476766517574738,-0.998022446309804,-1.9924420231702042,-3.003679554526168,3.3711087108747324,10.227597697790761,2.944286991855643,0.7782642026750538
pt15,692.6757008095325,282.0714159826788,0.05017331003162004,0.03744601641231529,-0.9980382970632085,-2.1460004211782038,-2.87794652352843,3.3000592808863893,9.739779400333386,2.9159621186373705,0.776143180005222
pt15,692.6757008095325,282.0714159826788,0.043096405540674336,0.03973745738829977,-0.9982803763275043,-2.2773882228383617,-2.471960725743565,3.405287294537945,10.083900801234481,2.893021502299489,0.7773502707959438
pt15,692.6757008095325,282.0714159826788,0.03262407690602272,0.04140755286482327,-0.9986096021364168,-2.3731565121258686,-1.8711589936996358,3.1609295504778765,10.145916560178438,2.7587577076807217,0.7791624040230178
pt15,692.6757008095325,282.0714159826788,0.050867976577882966,0.04058361166716305,-0.9978804830743662,-2.325908437443478,-2.918184927827037,3.130543289052161,10.579073137539883,3.1460353994570363,0.7783094147682238
pt15,692.6757008095325,282.0714159826788,0.02111016656940541,0.055458803586975296,-0.9982377205228915,-3.179186497614064,-1.2114781554374656,3.3394677926388057,10.343676453116831,3.0712626977741717,0.7753388537343187
pt15,692.6757008095325,282.0714159826788,0.07341957649006141,0.05271154537459221,-0.9959071986001414,-3.0215494173986186,-4.216292290914907,3.3117961495132957,10.141404198626743,2.765655661704784,0.7757727899196492
pt15,692.6757008095325,282.0714159826788,0.016997110055127607,0.059682552593392384,-0.9980727025157977,-3.4215917169685817,-0.9756489060507333,3.342007481516176,9.993202283041814,2.894087562283037,0.7754915142351895
pt15,692.6757008095325,282.0714159826788,0.04313168776809126,0.03042724510400494,-0.9986059130871097,-1.743621843139665,-2.4731764658252042,3.6216379102545604,10.130720999805103,2.758908450294371,0.7778705810939014
pt15,692.6757008095325,282.0714159826788,0.02985444687502939,0.047043201952452304,-0.9984466095941681,-2.6963720911291884,-1.7126847717372489,3.1996798483503244,9.794216013987958,2.988929557998988,0.7792456350746088
pt15,692.6757008095325,282.0714159826788,0.0441791988787866,0.045351161752047356,-0.9979937303286128,-2.5993217004191815,-2.534715420936456,3.2152982291625385,10.57049801360798,2.9907926855058604,0.777477608636012
pt15,692.6757008095325,282.0714159826788,0.016512785851750787,0.04886593215917426,-0.9986688314099429,-2.8009271424662514,-0.9472877288541363,3.1864342846459817,9.836498496989346,3.2407512657438873,0.7760036413566704
pt15,692.6757008095325,282.0714159826788,0.032958336311455276,0.056373570576543186,-0.9978655908254246,-3.231680916501051,-1.891725056857518,3.027263498996162,10.98910869077873,3.2880279730482216,0.7766040796382349
pt16,1585.8300339938714,236.85870318219503,-0.2931659121185487,0.049077256353998254,-0.954801092758001,-2.813049671915508,17.068788162116135,3.680009379297466,10.139402483283968,3.233410961830931,0.774080685098095
pt16,1585.8300339938714,236.85870318219503,-0.25440513881668925,0.029108752423027563,-0.9666595855791931,-1.6680442783723703,14.744728995133109,3.760875053584733,10.455288867343933,3.249641343804864,0.771707731283427
pt16,1585.8300339938714,236.85870318219503,-0.24099376688403157,0.0006795640385363653,-0.9705264404334049,-0.03893615431383303,13.945203778361671,3.744640968617621,10.721460575578332,3.4912509371778078,0.7745388875870317
pt16,1585.8300339938714,236.85870318219503,-0.24192084581507198,-0.0005575907102504671,-0.9702958691466329,0.03194759604851122,13.999939658081006,3.7721201088138296,10.469198464824576,3.130793278899598,0.7757714665155323
pt16,1585.8300339938714,236.85870318219503,-0.2605230239062168,0.03629375362756225,-0.9647852019352667,-2.0799357039730344,15.111292091144177,3.7869485603005697,10.664928018537386,3.060290020979386,0.7750179861222102
pt16,1585.8300339938714,236.85870318219503,-0.2495447317753847,0.04464395738599915,-0.9673336094942999,-2.5587607898652567,14.465310067629924,3.8698089746242337,10.741394776367503,3.0543751106513803,0.7739176524025803
pt16,1585.8300339938714,236.85870318219503,-0.28196054017172306,0.048332036855862515,-0.9582078358900035,-2.77030100579364,16.396953467148222,3.9807209625516484,9.853204916635296,2.672321523092805,0.7751604620940962
pt16,1585.8300339938714,236.85870318219503,-0.23284911548962653,0.06216077426158958,-0.9705243078305731,-3.5638476293197403,13.491450734747744,3.880690176921121,10.04861556210353,3.089032317942648,0.7755027228309315
pt16,1585.8300339938714,236.85870318219503,-0.26168549998662155,0.015413663047029898,-0.9650301010054217,-0.8831728126338282,15.171943179620387,3.530447681182954,10.258959970025163,2.5603421321182287,0.7737426603347637
pt16,1585.8300339938714,236.85870318219503,-0.25175770383039064,0.04948100964246939,-0.9665245781166464,-2.836211171637145,14.599828395441403,3.84808490126454,10.012697647624739,3.1500402982487676,0.7752401884188596
pt16,1585.8300339938714,236.85870318219503,-0.2418015219253466,0.03800034933480091,-0.969581336865281,-2.1777839811570257,14.00321250999225,4.02512140484601,9.684367779188976,3.0369965965517762,0.7737420803886909
pt16,1585.8300339938714,236.85870318219503,-0.22873348642428093,0.019815487596063597,-0.9732874463868814,-1.1354181208421679,13.225161311336167,3.82566323741303,9.929984480946564,3.0701567288535885,0.7747104725992763
pt16,1585.8300339938714,236.85870318219503,-0.20687083912050883,0.03673718161563213,-0.9776782999360117,-2.1053592116609128,11.94722168314983,3.677845620339714,10.164780766858348,3.0591686927247137,0.7755204335190146
pt16,1585.8300339938714,236.85870318219503,-0.23488798135738204,0.03692992992915527,-0.9713206593908033,-2.1164103757126345,13.594470911871774,3.8410391961267942,10.062892354460066,3.051678446371189,0.7764425115715357
pt16,1585.8300339938714,236.85870318219503,-0.2268175702989035,0.025832191956871687,-0.9735945552732529,-1.4802402337501803,13.114236081530048,3.558299757784276,9.603374530707733,2.816945023666008,0.777087085919993
pt16,1585.8300339938714,236.85870318219503,-0.24394495323495669,0.028891282841321416,-0.9693586719640744,-1.655578946362485,14.125510658024508,3.6469083066774686,9.939992435176785,2.9584879600599123,0.7774432805919863
pt16,1585.8300339938714,236.85870318219503,-0.23867760526895745,0.07328926799371537,-0.9683293080918124,-4.2029340299902325,13.84648109579723,3.846487648967112,9.798939402212593,2.9528285599350808,0.7731272280148922
pt16,1585.8300339938714,236.85870318219503,-0.2543836003462228,0.03903128718260505,-0.9663154091987127,-2.236896233255612,14.748557446501032,3.8182206418661897,9.434365909860013,3.0681672182538007,0.7741688130424726
pt16,1585.8300339938714,236.85870318219503,-0.2747031993699903,0.046006134134185576,-0.9604278226754294,-2.636888066596678,15.961678839701202,3.6614592706128333,10.302627378128514,3.0144406393116077,0.7738571588389035
pt16,1585.8300339938714,236.85870318219503,-0.257325645096063,0.02649851983780535,-0.9659613359706775,-1.5184310852681981,14.916794226938643,4.019912109665284,9.985298700345746,3.1936112574622206,0.7736228134599539
pt16,1585.8300339938714,236.85870318219503,-0.2564433440040444,0.022447824633129946,-0.9662985497177317,-1.28627365273998,14.862958580993896,3.6619645033670074,9.705378993845224,3.0790440385341227,0.7740955967598857
pt16,1585.8300339938714,236.85870318219503,-0.26987623968028096,0.07392963458069447,-0.960052724118219,-4.239724139655524,15.70097286259871,3.8236287631704178,9.90725585412682,3.4976749199818533,0.7771614275278939
pt16,1585.8300339938714,236.85870318219503,-0.234719543859097,0.022941949460133063,-0.9717923619302041,-1.3145922139571138,13.578733841932957,3.548073996707618,10.553025276564426,3.1193964984781197,0.7753571826758946
pt16,1585.8300339938714,236.85870318219503,-0.27575584644756823,0.048973299783686045,-0.9599793221345755,-2.8070862283675835,16.026810536169986,3.655277275049868,9.910224062520967,3.108296912568505,0.7759815933580875
pt16,1585.8300339938714,236.85870318219503,-0.2541755264957507,0.027450826942680303,-0.9667684374641136,-1.573014127070683,14.730413677861083,3.802708426321436,10.119559036946232,3.1484497631999036,0.7745799202360216
pt16,1585.8300339938714,236.85870318219503,-0.2738311117285348,0.03450454387736005,-0.9611586652173478,-1.977357232205379,15.902087670442217,3.665463920697962,10.18697786458922,3.4821134999611827,0.7766117784390599
pt16,1585.8300339938714,236.85870318219503,-0.2721016779600539,0.038213555057863766,-0.9615094169675337,-2.1900086484674666,15.80121034175841,3.836334214306841,10.592093405430047,3.1340533578253065,0.7761906625633835
pt16,1585.8300339938714,236.85870318219503,-0.2709143475297865,0.03686208613305937,-0.9618974212070193,-2.1125205639974527,15.729649815812657,3.5836850097940447,10.517135710017715,2.913255603034407,0.7755537278434819
pt16,1585.8300339938714,236.85870318219503,-0.2269962115232294,0.01312362999125113,-0.9738072603582754,-0.75195019613168,13.121439974845348,3.6947902757403086,10.399221280640658,3.280384703623366,0.7749361455223092
pt16,1585.8300339938714,236.85870318219503,-0.24746837134003252,0.0505784860937495,-0.9675749361011586,-2.8991707861558167,14.346508698433317,3.7839036793658,10.563548098758348,3.2361511100106273,0.7763212779861184
pt16,1585.8300339938714,236.85870318219503,-0.2763710645277498,0.0797271291773599,-0.9577382712740138,-4.572881290054002,16.096361650126465,3.5491164927390617,9.937268954848905,3.3082841590970764,0.7750083356835115
pt16,1585.8300339938714,236.85870318219503,-0.25294080353632814,0.056033761732667275,-0.9658577264572477,-3.2121804799522553,14.675175483745925,3.623983691217204,10.3915951241407,3.172676011082607,0.7748159627565766
pt16,1585.8300339938714,236.85870318219503,-0.25818042345072434,0.05624912014042388,-0.9644578412344743,-3.224539099522349,14.986404035301273,3.610768259095173,10.254817380324482,2.7975207003898386,0.7745423115097871
pt16,1585.8300339938714,236.85870318219503,-0.2412765698735589,0.0555549410778461,-0.968864905826747,-3.1847032752838063,13.983931792930733,3.6245243803453384,10.240881450447173,3.068672875253411,0.7739730804269034
pt16,1585.8300339938714,236.85870318219503,-0.24676973830789364,0.009557965425837587,-0.9690270168386977,-0.547639418087696,14.28711026695137,3.624238813982559,10.225170395292984,3.234413578003446,0.774200092312654
pt16,1585.8300339938714,236.85870318219503,-0.24833961411495095,0.03918913147433383,-0.967879976414222,-2.245946969691952,14.390573696416384,3.575867481278557,10.281872637160717,3.037035593533915,0.7740985581438381
pt16,1585.8300339938714,236.85870318219503,-0.24885944066373902,0.023232653242414233,-0.968260950024615,-1.331252754650654,14.414004422209013,3.7128869253938706,9.826542634053972,2.8573539674518273,0.7731253492121756
pt16,1585.8300339938714,236.85870318219503,-0.2613045706356618,0.028010623830700344,-0.9648499381126484,-1.6051004660186878,15.153572654407235,3.7348321266094793,9.818062312335071,3.1765027624368343,0.7730801455250896
pt16,1585.8300339938714,236.85870318219503,-0.2544256235654157,0.04729350233839344,-0.9659351864994862,-2.7107292270468544,14.756440704184437,3.64765120990315,9.718254151909676,3.229302562314934,0.7753777310757581
pt16,1585.8300339938714,236.85870318219503,-0.22264749147528595,0.055674828412900265,-0.9733079851179111,-3.191582961330881,12.884908609415326,3.6150561611938663,9.860943826506253,3.0673985309489273,0.7765439693909598
pt16,1585.8300339938714,236.85870318219503,-0.29076982508671895,0.03474789710514217,-0.9561618116094013,-1.9913087113696137,16.914572380045012,3.549481508047217,9.559372585638716,3.1300207632589903,0.7767188278595382
pt16,1585.8300339938714,236.85870318219503,-0.2635604303267468,0.047035177666469134,-0.9634955537026473,-2.6959118239134825,15.29877583293232,3.561635257670739,10.0938280049176,3.2079440339991794,0.7767420376486407
pt16,1585.8300339938714,236.85870318219503,-0.23095268021013754,0.025929862007274315,-0.9726193306652741,-1.485838190572243,13.357741923555443,3.5020111328477475,9.967204034042904,2.8237590762199383,0.7768129069491488
pt16,1585.8300339938714,236.85870318219503,-0.2400028383178304,0.02193313525803995,-0.9705243647848347,-1.2567768601997609,13.890116532571252,3.636048194093578,9.31672749530095,3.169600635875476,0.7750064380074504
pt16,1585.8300339938714,236.85870318219503,-0.24202487700623146,0.05752333857337021,-0.9685633367037983,-3.2976648578403402,14.029787289757994,3.537284115605867,10.262608615363446,3.2624413467259386,0.7772540751830781
pt16,1585.8300339938714,236.85870318219503,-0.24249251049692136,0.017057355607465966,-0.9700033120902344,-0.9773618843265798,14.03578107040141,3.424729974096333,9.703525120331301,3.145588774261196,0.7742498917440183
pt16,1585.8300339938714,236.85870318219503,-0.1830041870391539,0.158966216794777,-0.9701748167496304,-9.14689685134948,10.682194172782038,3.973414103569339,10.463636781987598,3.721659434143493,0.7798195730189417
pt16,1585.8300339938714,236.85870318219503,0.014428402066207264,0.22129988217982868,-0.975099047565698,-12.785392798570241,-0.8477356428413547,4.31855614392468,12.447261826183757,4.081061723882895,0.7839375096629334
pt16,1585.8300339938714,236.85870318219503,0.2900856862881505,0.2645120656425882,-0.9197193889439703,-15.337961682488029,-17.50562523690694,4.563452466121313,11.264807001704433,3.7603636920756003,0.782753205108919
pt16,1585.8300339938714,236.85870318219503,-0.27921852053266283,0.26663510097276805,-0.9224655457453924,-15.46413342942826,16.840392470806627,3.802652973293009,10.962712944820018,3.7813102315671876,0.7789705758752211
pt16,1585.8300339938714,236.85870318219503,-0.25807321066421013,0.16043108987192534,-0.9527119218069735,-9.231919095980642,15.156705071707396,3.714529067526935,11.365662485280385,3.6661894309033753,0.7782419767712919
pt16,1585.8300339938714,236.85870318219503,-0.24708454740540609,0.06884334951609257,-0.9665453635964977,-3.9475557509806336,14.339804013531174,3.5021113613102863,10.707259522374985,3.4821327986497432,0.7804965278430239
pt16,1585.8300339938714,236.85870318219503,-0.23567005940020214,0.0468145290088813,-0.970704909104289,-2.6832556452888765,13.646374672309134,3.758157966678819,10.505771392201783,3.37952457366649,0.776811437248627
pt16,1585.8300339938714,236.85870318219503,-0.2622081379837685,0.03795247246178866,-0.9642648008971361,-2.1750388581637656,15.21234937618308,3.4343112207532305,10.015924575053704,3.5255797089882672,0.7728778778505707
pt16,1585.8300339938714,236.85870318219503,-0.2631232889163319,0.04165576922994084,-0.9638625210742733,-2.3873905435782037,15.269043556129187,3.4763933707369286,10.48797601155406,3.4073283371179683,0.7786364279366508
pt16,1585.8300339938714,236.85870318219503,-0.2544251676208813,0.029994370787838485,-0.9666271541815776,-1.718808645569655,14.746312415017501,3.2730407641486536,10.530273384008662,3.0603998694981436,0.7742679354794263
pt16,1585.8300339938714,236.85870318219503,-0.27337504252043543,0.037770970224158595,-0.9611656716542261,-2.1646320841789413,15.876828805332718,3.3619746476590353,10.54316770658794,3.4316308984351456,0.7745818425428244
pt16,1585.8300339938714,236.85870318219503,-0.2370729520245043,0.03241503068872402,-0.9709509621978774,-1.8575698501812117,13.721198666573178,3.8086828120296516,9.97829736199628,3.226936126747266,0.7740670832084
pt16,1585.8300339938714,236.85870318219503,-0.21669001947783026,0.045973797327150706,-0.9751573368739339,-2.635033341549224,12.528157605723038,3.8221645073035337,10.52666242478963,3.398966892485475,0.776427154506617
pt16,1585.8300339938714,236.85870318219503,-0.25478899597199145,0.031384021851489995,-0.9664872443358477,-1.798467314113515,14.7685230248388,3.583320416529669,10.089214331318157,3.2080504132956293,0.7746759063919609
pt16,1585.8300339938714,236.85870318219503,-0.2634659095599821,0.06562182997102474,-0.9624341561113167,-3.762557606331869,15.3096212998285,3.5802697208774017,10.093626482281216,3.1847303117943366,0.7743608789508493
pt16,1585.8300339938714,236.85870318219503,-0.261900409983816,0.046866126985039086,-0.9639563160086703,-2.6862152400368484,15.199959894921458,3.4998893514024183,10.23757085803939,3.2917964403811037,0.7762379010640333
pt16,1585.8300339938714,236.85870318219503,-0.2609182731558854,0.05206356302127117,-0.9639558977018591,-2.984371711360439,15.145588725895077,3.447254536309579,10.160035248272154,3.251839221942638,0.772880613916043
pt16,1585.8300339938714,236.85870318219503,-0.25384385137003296,0.02518444145560185,-0.9669172850498884,-1.4431147829471183,14.709859653430138,3.4677711228396917,9.735405878728205,3.4460417979424274,0.7736259448967961
pt16,1585.8300339938714,236.85870318219503,-0.24075027044363756,0.0470577124199893,-0.9694456335745134,-2.697204401449875,13.946588890645826,3.7032326595009186,9.74229708646753,3.37752345446696,0.7750190125419785
pt16,1585.8300339938714,236.85870318219503,-0.24245983259501755,0.04674787611141952,-0.9690344921607701,-2.679432529872392,14.047439956341996,3.8581547241968996,9.901812312039572,2.979956478618618,0.7736245892179663
pt16,1585.8300339938714,236.85870318219503,-0.2496488079650923,0.04709561819935406,-0.9671904682714678,-2.6993786532650583,14.473141503274393,3.4131692882198834,9.881065218071,3.127375231433988,0.7752521667859693
pt16,1585.8300339938714,236.85870318219503,-0.26501906071577996,0.046116948726967866,-0.9631397099135077,-2.6432440212602066,15.384858750151329,3.5990349922539053,10.44354534831848,3.282751050673602,0.7740419280011487
pt16,1585.8300339938714,236.85870318219503,-0.23578745812237234,0.0196359616938005,-0.9716062652054692,-1.1251300425533355,13.640725869323475,3.6490040902831056,9.828282280955111,3.7627074281626194,0.7728542636483785
pt16,1585.8300339938714,236.85870318219503,-0.24676139376161088,0.021700926554016686,-0.9688332516577146,-1.2434691139567033,14.289387227906841,3.7583894802862363,9.69370343769854,3.377312311712552,0.7753773609621085
pt16,1585.8300339938714,236.85870318219503,-0.24353721245112778,0.034782112730337746,-0.9692676794954458,-1.9932703080435341,14.104114600463909,3.431678199539639,9.947367931870094,3.0518803610425653,0.7731195303359163
pt16,1585.8300339938714,236.85870318219503,-0.259694437835816,0.019220037371507376,-0.965499551413019,-1.1012948354268353,15.054778733565545,3.3742604427997174,10.022803449247194,3.364483346787211,0.773442090883605
pt16,1585.8300339938714,236.85870318219503,-0.27350491755599404,0.03565062180200213,-0.9612097172200784,-2.043063099793608,15.88329995132277,3.4002453344279906,10.09804762513097,3.1949549219821436,0.775807353444929
pt16,1585.8300339938714,236.85870318219503,-0.2620402588590997,0.03567082726786325,-0.9643974987258309,-2.044221524521881,15.201065459406449,3.5087773128494946,10.118621894082926,3.3193032330504515,0.7754265601099964
pt16,1585.8300339938714,236.85870318219503,-0.2725837871473632,0.05171553545258623,-0.960741134965514,-2.9644043009206755,15.839827523275185,3.4905642241618584,10.337349860381357,3.383915721213957,0.7720448938691387
pt16,1585.8300339938714,236.85870318219503,-0.2528931988377353,0.030021072918446853,-0.9670283084737065,-1.7203392542412927,14.655536776366912,3.5592715912732578,9.58162698431723,3.313531302088336,0.7739779930895202
pt16,1585.8300339938714,236.85870318219503,-0.256240705207777,-0.0013619970520408612,-0.9666120380088703,0.07803670691803036,14.847129393427453,3.393998776339429,10.35357699915676,3.5914760001980746,0.773965155686661
pt16,1585.8300339938714,236.85870318219503,-0.26007935665285975,0.036613875468836904,-0.9648927970028258,-2.0982895335648855,15.085126167883772,3.746854993676373,9.87195382831151,3.5914096646040545,0.7755339700171984
pt16,1585.8300339938714,236.85870318219503,-0.2539238581391818,0.04282606570393595,-0.9662756883011072,-2.45450349756116,14.723640560118126,3.5898371395373685,9.412627243806265,3.4651914748306623,0.7748247518307392
pt16,1585.8300339938714,236.85870318219503,-0.2480647503954094,0.03737355844732469,-0.9680222598770576,-2.14184597751767,14.373281127774163,3.603195645178741,9.950612668193338,3.5125623841507925,0.7733648273549635
pt16,1585.8300339938714,236.85870318219503,-0.24279035960757386,0.03089811577801929,-0.9695866141879705,-1.770613437439339,14.058138100934029,3.7714522938333923,10.325761942291868,3.482347224444752,0.7721999616300395
pt16,1585.8300339938714,236.85870318219503,-0.28271516683261383,0.03681202267745751,-0.9584972677714741,-2.1096501911193,16.43377557455893,3.7416651685529763,9.720729658065835,3.4701831820240847,0.7732046076822927
pt16,1585.8300339938714,236.85870318219503,-0.27446385993672257,0.013663570532003592,-0.9615003458032624,-0.7828892858642172,15.931592896676445,3.6181555859493,9.944184933138253,3.5607167894166376,0.7733638822294399
pt16,1585.8300339938714,236.85870318219503,-0.23705382840036526,0.009173614701839947,-0.9714531700514263,-0.5256167777018115,13.713308685072052,3.6225484697127146,9.972729710271617,3.280759543891922,0.7731379092151497
pt16,1585.8300339938714,236.85870318219503,-0.2786524124587308,0.02063943367846516,-0.9601702321341499,-1.182636415922544,16.18333467311104,3.6756274313984134,9.983406604954297,3.4736873417183745,0.7731678868479892
pt16,1585.8300339938714,236.85870318219503,-0.28707000369080227,0.0006707489472705453,-0.9579094023909456,-0.038431086673163174,16.682625812693423,3.6810275742557783,9.93356374140756,3.3674814995939295,0.773242941153596
pt16,1585.8300339938714,236.85870318219503,-0.2621592723868635,0.014461690993382303,-0.964916299392031,-0.8286227433515471,15.199851590560739,3.478437760680149,9.84227088187333,3.0976398315402083,0.77212170783133
pt16,1585.8300339938714,236.85870318219503,-0.24675954329642302,0.031021610308912175,-0.9685800710562978,-1.7776925463797393,14.292866567262578,3.5578006676273177,9.86827786188587,3.4682764841414793,0.7773700838601709
pt16,1585.8300339938714,236.85870318219503,-0.2653136023909704,0.03863938687967546,-0.9633876008598135,-2.2144250480350043,15.397371244631277,3.45104265892064,10.37392630705545,3.291246513235259,0.7775456697620318
pt16,1585.8300339938714,236.85870318219503,-0.2321392646651415,0.019705963938667127,-0.9724829128729109,-1.1291416519562172,13.42570792619259,3.5529831192334194,9.990396698376301,3.4093498280596632,0.7751256166603571
pt16,1585.8300339938714,236.85870318219503,-0.27408668584177104,0.05205468821391393,-0.9602951572464863,-2.983862531909759,15.929764097385801,3.543457894978433,9.845280497466142,3.3206778526978575,0.7767247210013271
pt16,1585.8300339938714,236.85870318219503,-0.2622665486098165,0.030393200197734498,-0.9645167399840827,-1.7416703111171417,15.211790817306337,3.3508245358732327,10.010105218357975,3.08243517530011,0.7766162396974591
pt16,1585.8300339938714,236.85870318219503,-0.23158367667816931,0.022078560879314788,-0.9725644423339974,-1.2651111527548073,13.393652597876967,3.578026639123316,10.026615288533572,3.109446844610807,0.7764042119482395
pt16,1585.8300339938714,236.85870318219503,-0.24245388108446192,0.05095716717244643,-0.968823755012996,-2.920895628442737,14.050043288369652,3.5006768105214485,9.696749636374491,3.369814708046505,0.7759985869450029
pt16,1585.8300339938714,236.85870318219503,-0.2693612514511281,0.006522951848661088,-0.9630170489949963,-0.37374026130017585,15.626603129632972,3.489955978694091,10.24095789536499,3.179201493387109,0.7763395753684095
pt16,1585.8300339938714,236.85870318219503,-0.23685493427917187,0.05619882100819298,-0.9699182876263072,-3.221652605622565,13.723101148030205,3.3391591245243935,10.472852870982981,3.068049208068969,0.7761479545514828
pt16,1585.8300339938714,236.85870318219503,-0.2810668572213238,0.049423782958406666,-0.9584147240298581,-2.8329283075202167,16.344421310611708,3.5959755424307955,9.652717473998512,3.424732339208243,0.7752890601527347
pt16,1585.8300339938714,236.85870318219503,-0.26359051299867386,0.029229716077803232,-0.9641917494529707,-1.6749779356285643,15.289909744877114,3.597663180085424,9.829554934147705,3.6031988838294087,0.7757148393760761
pt16,1585.8300339938714,236.85870318219503,-0.26791400561771817,0.06514196433288251,-0.961238041762447,-3.7350043750188444,15.574091943968766,3.4388831952333114,10.038305045308835,3.450144418232787,0.7765093238955731
pt16,1585.8300339938714,236.85870318219503,-0.2540362017146561,0.014977026377132505,-0.9670787383467668,-0.8581524853243475,14.718171278592763,3.6323369666710765,9.862419361747659,3.2283447985378633,0.7768690150158291
pt16,1585.8300339938714,236.85870318219503,-0.2398040397273869,0.037768887470725224,-0.9700863590840797,-2.1645126659879863,13.885080227121714,3.515246333082333,10.170198292513474,3.585154444158537,0.7763788550375096
pt16,1585.8300339938714,236.85870318219503,-0.24132216421918148,0.042373202558677256,-0.9695195149567377,-2.428532774807153,13.977397467711842,3.5604717155310786,10.218175396301296,3.1326826519619333,0.777455398155444
pt16,1585.8300339938714,236.85870318219503,-0.25064598542543937,0.03423618822551533,-0.9674732738848426,-1.9619724960504132,14.524442792738771,3.4276480009525154,10.128062055753293,3.3472833696612296,0.7755650789351602
pt16,1585.8300339938714,236.85870318219503,-0.23843726386851363,0.030927664619145024,-0.9706653136501153,-1.7723072708381886,13.801057448779614,3.609804240559541,9.899958761075776,3.3078713182429444,0.7738406159837097
pt17,722.000743916554,506.8895772928947,0.005751372386565797,0.09807797747761748,-0.9951621162162047,-5.628502588236833,-0.33112765249728476,3.5257970317356824,11.758443962436465,3.6466327153431766,0.7771704305242294
pt17,722.000743916554,506.8895772928947,0.02865735392485383,0.09721952223882425,-0.9948503156504854,-5.579080533675666,-1.6499884328822885,3.6458676762288453,10.516941587787418,3.259254912426792,0.7791168380160487
pt17,722.000743916554,506.8895772928947,0.019097752730956253,0.09757192399723756,-0.9950452326550062,-5.599368119794021,-1.0995342380030328,3.9247815511401374,10.90651417623595,3.407825611169069,0.7790630216839867
pt17,722.000743916554,506.8895772928947,0.019687100135810747,0.12329694870635624,-0.9921745151252276,-7.082417337133085,-1.1367352510339626,3.8855942648061843,10.23209426507965,3.2814097284810364,0.7797142262073242
pt17,722.000743916554,506.8895772928947,0.04447505217182752,0.11658452828845563,-0.992184432599766,-6.695026659471135,-2.5665874404042395,3.759953406325237,11.104834122165514,3.358381473899065,0.7796338245841299
pt17,722.000743916554,506.8895772928947,0.02764207497848455,0.11673698984171978,-0.9927780967426266,-6.703822119993339,-1.5948832469606309,3.6363998546981575,10.769424166927728,3.3957403781435938,0.7773114723594765
pt17,722.000743916554,506.8895772928947,0.04252997056560228,0.09358123809593863,-0.9947028488019067,-5.369666949324361,-2.44827340805924,3.5849565247124513,10.652713821088703,3.375722574999579,0.7795140062379557
pt17,722.000743916554,506.8895772928947,0.0036893832998090657,0.13344915091549636,-0.9910488002214283,-7.668951355785408,-0.21329435598442611,3.7493768997952768,10.807206008331308,3.443817485207401,0.7772188082157861
pt17,722.000743916554,506.8895772928947,0.021243536105247363,0.11003475868858988,-0.9937006810414002,-6.3173192585826765,-1.2246943257794352,3.689173356860639,9.788915677157203,3.39389126106009,0.7792876846074815
pt17,722.000743916554,506.8895772928947,0.04657693064207058,0.07946445104079336,-0.9957489688990515,-4.557783038009627,-2.6781024765003694,3.7722500208735585,10.35883198171067,3.5155154506205912,0.7771319349945112
pt17,722.000743916554,506.8895772928947,0.034645939024590754,0.09269266265751049,-0.9950917706883837,-5.318533061897831,-1.99405182322056,3.8174737441355746,10.358354233639803,3.445450752039572,0.7772900748620247
pt17,722.000743916554,506.8895772928947,0.01734573820949582,0.1169287989920881,-0.9929888124569561,-6.714887756850409,-1.000752991348567,3.7524562346863486,10.418757172588508,3.6124706781849167,0.7790799228830024
pt17,722.000743916554,506.8895772928947,0.06073147393098776,0.09481376028860558,-0.9936407907223732,-5.440600678448148,-3.4975756882771836,3.9725913868615255,9.681485811285,3.527439765041168,0.7780620857773343
pt17,722.000743916554,506.8895772928947,0.07036918756024287,0.08270706774274852,-0.9940863332121203,-4.744185171479278,-4.04908815927155,4.0996214137346465,9.99379273589366,3.4651084080741046,0.7803641728964845
pt17,722.000743916554,506.8895772928947,0.021936857975917348,0.09011550219788597,-0.9956896667808559,-5.1702518801163775,-1.262126256531254,3.612314673299604,10.366713974546556,3.678764632989182,0.7780615232073995
pt17,722.000743916554,506.8895772928947,0.011019153585504442,0.1072538525628253,-0.9941705967888318,-6.157036255482296,-0.6350269706307079,3.5369374186315374,10.067489398845582,3.4963378354603996,0.7795808673196165
pt17,722.000743916554,506.8895772928947,0.003147483882439126,0.11783511208917163,-0.9930281963765216,-6.767177158987016,-0.18160303937561634,3.534006629088676,10.06759096553093,3.6957024406625703,0.7792448818191646
pt17,722.000743916554,506.8895772928947,0.04915583156811496,0.07218842333270387,-0.9961789767174178,-4.139692748975909,-2.824933285540123,3.6508608978334305,9.876722857387787,3.2507148092293674,0.7817943385675376
pt17,722.000743916554,506.8895772928947,0.04179006103834822,0.06528208727332199,-0.9969913903153879,-3.743049953699533,-2.400214619286969,3.395555489030255,10.610476199019216,3.5473358776514745,0.7773156882391853
pt17,722.000743916554,506.8895772928947,0.005650846344204063,0.12201935710633673,-0.9925115692904146,-7.0086597804246855,-0.326208940908616,3.672888156386266,10.47384385067341,3.784265751551243,0.7803809605274808
pt17,722.000743916554,506.8895772928947,0.06708036957418485,0.12032035789718303,-0.990466159589537,-6.91059169745931,-3.874500695020319,3.6537434666659627,10.41199129274067,3.319767904578063,0.7800318246612511
pt17,722.000743916554,506.8895772928947,0.0578352837818997,0.09684793365099463,-0.9936174065619329,-5.557689131730987,-3.3312449127467834,3.588596968495186,10.415444148284495,3.5970675769581004,0.7800934315395955
pt17,722.000743916554,506.8895772928947,0.006555435930061272,0.09727037299305728,-0.9952363762045748,-5.582007941792162,-0.3773911292424971,3.735316815421932,10.42987255941928,3.307510671886705,0.7806516445291739
pt17,722.000743916554,506.8895772928947,0.0338566423928892,0.08025876870504005,-0.9961989036338776,-4.603439918863153,-1.9464951875923875,3.45524650747818,10.438126077397634,3.576929692719467,0.7789936424055818
pt17,722.000743916554,506.8895772928947,0.01181058659739373,0.09489639629163046,-0.9954171103425278,-5.445356817653118,-0.6797803722014983,3.62489964582543,10.457745595902898,3.4593271231412546,0.778477591622987
pt17,722.000743916554,506.8895772928947,0.025420094414487292,0.1312808095518979,-0.9910192294287996,-7.54361166271587,-1.4693406371216047,3.622196017781601,10.205761604184206,3.379940564502412,0.7774435480137895
pt17,722.000743916554,506.8895772928947,0.019997464442828905,0.09576273697739003,-0.9952033482790834,-5.495221579956157,-1.1511377513165226,3.8374017648313106,10.42822427691442,3.140256452836437,0.7796160541713448
pt17,722.000743916554,506.8895772928947,0.005031475224601133,0.09156893437676691,-0.995786080023914,-5.253873166466144,-0.28949977067240357,3.64681559661672,10.720813411895243,3.396058871501781,0.7803363995899136
pt17,722.000743916554,506.8895772928947,0.03796369854722886,0.07645475196475336,-0.9963500921438392,-4.384813487100986,-2.1820723328389033,3.5327264591099636,10.561457732242403,3.185581419737229,0.7799592111351005
pt17,722.000743916554,506.8895772928947,0.01437210913833989,0.08861188817263331,-0.9959625272978136,-5.083755065616114,-0.8267419937163314,3.8214773366840324,10.80113915223182,3.7289974060724593,0.7795827649426766
pt17,722.000743916554,506.8895772928947,0.019202391438808527,0.08384665212605981,-0.9962936495807629,-4.809706141069457,-1.1041722293369416,3.801747039840396,10.749470661817536,3.249578293469233,0.7807969886539121
pt17,722.000743916554,506.8895772928947,0.007185996867194014,0.09630981220050816,-0.9953254132820057,-5.526712236741226,-0.4136537991381198,3.855063428726033,10.74433107304553,3.3316494987143863,0.782740251304458
pt17,722.000743916554,506.8895772928947,0.0136108301863175,0.07306028048226931,-0.9972346326887047,-4.189778744418749,-0.7819571053907569,3.973036590566235,10.608426858863385,3.2529662622247737,0.7808876861210643
pt17,722.000743916554,506.8895772928947,0.012053730324350163,0.07682330162024172,-0.9969718289591081,-4.405992115386537,-0.692691816064656,3.8232424066792188,10.758917796084857,3.6380957529763234,0.7770230909678928
pt17,722.000743916554,506.8895772928947,0.007699422268071817,0.10049573338520607,-0.9949076923163339,-5.767717715176966,-0.4433934904046209,4.083909515231576,10.508504831630468,3.342022460873239,0.7812702179383073
pt17,722.000743916554,506.8895772928947,0.019965624949301007,0.06403412358143439,-0.9977479880302558,-3.6713969607983086,-1.146375042706076,3.90736343670366,10.529256587266895,3.2829703384871354,0.7814516071076199
pt17,722.000743916554,506.8895772928947,-0.007733311637147807,0.11058726335661576,-0.9938363070545166,-6.349169824897507,0.44582510515801077,3.7547531383481605,10.327410219663362,3.3429647724213787,0.7819756555368179
pt17,722.000743916554,506.8895772928947,0.01787518610605328,0.08911486772514747,-0.9958609269169219,-5.112688135777228,-1.0283190401704603,3.555927394732544,10.962851957419254,3.561660528988691,0.779910220159395
pt17,722.000743916554,506.8895772928947,0.013931039009075823,0.07937784350127451,-0.9967472534092131,-4.5528050668630105,-0.8007423841216857,3.789335045741577,10.28986668888896,3.5549118738491923,0.7810162670492244
pt17,722.000743916554,506.8895772928947,0.025489208099461143,0.12338378647627542,-0.9920316673647172,-7.0874310574868975,-1.4718308317596545,3.645069462741822,10.429025109391997,3.458729045029047,0.7800312172260637
pt17,722.000743916554,506.8895772928947,0.052105114103096845,0.09096415351638025,-0.9944901043954599,-5.219076551414283,-2.9992011515270565,3.5969040823831366,10.194550527571941,3.1617302740783995,0.7820168963695684
pt17,722.000743916554,506.8895772928947,0.01817058689457171,0.10465037893986634,-0.9943430251351832,-6.007023775469832,-1.0469043880753552,3.576646575650959,10.936532581094372,3.5298768306709647,0.7798044890148724
pt17,722.000743916554,506.8895772928947,0.028344911840619498,0.08661601591904279,-0.9958385103800642,-4.968958539861279,-1.6303903044832435,3.615219935155216,10.538690442650179,3.542567192349547,0.7809799643195131
pt17,722.000743916554,506.8895772928947,0.05093306818631482,0.11442761024469147,-0.9921249961965055,-6.570611595444831,-2.9388335108565986,3.6830399217536325,10.325790886180153,3.0285792079757017,0.7801701748565744
pt17,722.000743916554,506.8895772928947,0.008927851850461984,0.10728542592247445,-0.99418818240007,-6.158855774422195,-0.5145046891460713,3.3330504075290976,10.525741293781206,3.4465386930630575,0.7839559105678678
pt17,722.000743916554,506.8895772928947,0.04031332828467876,0.1042557428553559,-0.9937330974920302,-5.984288426725704,-2.3230762196472003,3.574614975052249,11.020980297291263,3.0474698608340764,0.7805001099493696
pt17,722.000743916554,506.8895772928947,0.03020705278825256,0.09793675861792603,-0.994734108621233,-5.620372201371848,-1.7393642326036232,3.672714137102333,10.244338958240341,3.2953179080048822,0.7814567127031221
pt17,722.000743916554,506.8895772928947,0.027575946477208527,0.08452587821790127,-0.9960395932149937,-4.848761575652638,-1.5858625133648292,3.409195338797839,10.345827092422269,3.168153453251032,0.7813057113110226
pt17,722.000743916554,506.8895772928947,0.005646693032392524,0.11552723769740128,-0.9932882752977708,-6.634036236429092,-0.32571429848775785,3.63342187946728,10.801273083526821,3.6139305468413894,0.7806933005850072
pt17,722.000743916554,506.8895772928947,0.011730301780986087,0.07412258017871214,-0.9971801291314798,-4.250809523039594,-0.6739662835000144,3.630828144905888,10.45323317239288,3.1457039791444847,0.7800645673581083
pt17,722.000743916554,506.8895772928947,0.03544858278586674,0.09044179466273734,-0.9952706239662945,-5.189023715259299,-2.0398431752174773,3.4226018495709587,10.54000233625426,3.3222805399961564,0.7812691419756282
pt17,722.000743916554,506.8895772928947,0.013877080727786793,0.12672461623410844,-0.9918408976076445,-7.280361115469773,-0.8015865087572505,3.4270405309159386,10.49676390564845,3.394790433661712,0.7807631395012802
pt17,722.000743916554,506.8895772928947,0.046855155853118065,0.08337088565531273,-0.9954164301919224,-4.78235095009598,-2.6949751857895214,3.8554441543148026,10.6890620105741,3.431189937540306,0.7786022772640376
pt17,722.000743916554,506.8895772928947,0.016938675959204688,0.08374715196265012,-0.9963430751464513,-4.803985079837734,-0.9739829394070478,3.9455663954412974,10.102886303280641,3.40590548827632,0.7790370239170836
pt17,722.000743916554,506.8895772928947,0.06693869326921398,0.12789839298500033,-0.9895257378225186,-7.348165310939925,-3.8700057663035254,3.5731626847833624,10.517546270939569,3.3916930391742,0.7805924605895171
pt17,722.000743916554,506.8895772928947,0.032476328420603814,0.11260139239946342,-0.9931093832680497,-6.465296282712396,-1.872999804726859,3.564971973362522,10.170039100184374,3.670072035351133,0.7788682550301775
pt17,722.000743916554,506.8895772928947,0.05235526353606885,0.08670125286067439,-0.9948576859128748,-4.973860698481615,-3.0124620148595564,3.5818111032687345,10.543386969387685,2.9340465960931357,0.7807121893795105
pt17,722.000743916554,506.8895772928947,0.022385078344987177,0.12161559330617475,-0.9923248094422651,-6.985352236092145,-1.2922714540670222,3.718630141630304,10.171578391886483,3.639833504584419,0.7828413733223875
pt17,722.000743916554,506.8895772928947,0.01180903123575056,0.078611191762971,-0.9968353621979232,-4.508741460250747,-0.6787239162538139,3.202959534474352,10.669938212631436,3.4619174043317655,0.7796743490735923
pt17,722.000743916554,506.8895772928947,0.019633215696241893,0.08711516709582594,-0.996004744927698,-4.99766631014611,-1.1292664413399431,3.8157559708185675,10.590968879189752,3.5638454866390847,0.7822718988375732
pt17,722.000743916554,506.8895772928947,0.014206713202628016,0.10362178050706403,-0.9945152737223597,-5.94776724946528,-0.8184181454907321,3.4600583617441667,10.857101744945801,3.5692945147390756,0.7799938490022993
pt17,722.000743916554,506.8895772928947,0.0034733711078783654,0.0973215113456125,-0.9952469026098175,-5.584951921291637,-0.19995912238642766,3.6563767492514567,10.390731212963102,3.4992459662931754,0.7778173712788573
pt17,722.000743916554,506.8895772928947,0.021200745664984783,0.11546604469132597,-0.9930851335142262,-6.630506514086154,-1.2229855450303249,3.7622958751698086,9.885350456646922,3.6700455735493245,0.7817138016513724
pt17,722.000743916554,506.8895772928947,0.03903567629509279,0.08884718647408812,-0.9952800796128588,-5.097290050530214,-2.246034843471052,3.1989478773319013,10.833034287214902,3.5045366626009957,0.7816951890717456
pt17,722.000743916554,506.8895772928947,0.011452325127327122,0.11157496648602803,-0.9936900311863226,-6.4061134526089125,-0.6603073642988602,3.388594292898991,10.60962461330289,3.61239399396489,0.7806807575615647
pt17,722.000743916554,506.8895772928947,0.04702514636127016,0.1250345791473746,-0.9910372862339836,-7.182752687260347,-2.716671753222337,3.5123631678463085,10.669220910982073,3.4393981603573343,0.7796176881208252
pt17,722.000743916554,506.8895772928947,0.026909730711139473,0.11358868404908457,-0.9931633679781057,-6.522229201459089,-1.5520476412131698,3.6806662792858424,10.449553208649323,3.2519132286000607,0.7793938414361226
pt17,722.000743916554,506.8895772928947,0.017427667044906083,0.08976178655298993,-0.995810836792237,-5.14990299865721,-1.002630023080563,3.7011608247584435,10.56094199170182,3.9351854256640433,0.7792330888168286
pt17,722.000743916554,506.8895772928947,0.03677219590743457,0.10533493347992691,-0.9937567310024951,-6.046463847651826,-2.119161300131895,3.797685426280354,10.257360440329137,3.3609344934502583,0.7791912238532299
pt17,722.000743916554,506.8895772928947,0.03705651389219223,0.0912475385880791,-0.9951385944710579,-5.235381127286918,-2.1325685868514395,3.734256569937874,9.756992857110447,3.360042247363348,0.7809868963889354
pt17,722.000743916554,506.8895772928947,0.023843767238407372,0.10342854203703908,-0.9943510391690945,-5.936635688964484,-1.3736451420000206,3.5600132187652256,10.700204365052299,3.4018561408913235,0.7778403397038305
pt17,722.000743916554,506.8895772928947,0.038243539044424145,0.08918677731652169,-0.9952804410143169,-5.1168247231914235,-2.2005013191236324,3.599149218953047,10.53097825290494,3.1679653218111947,0.7801718564783716
pt17,722.000743916554,506.8895772928947,0.041762448090375055,0.07820579554503115,-0.9960621293167391,-4.485442236797375,-2.40086566946492,3.8860828352856327,10.820324195475157,3.583540062620169,0.7793043719227766
pt17,722.000743916554,506.8895772928947,0.04710205864512685,0.10688658560757076,-0.9931548922253027,-6.1358717438524275,-2.7153150927652567,3.5881137195554853,10.789661180033287,3.292029913791483,0.7803735053496251
pt17,722.000743916554,506.8895772928947,0.05121375214802463,0.09435071802412986,-0.994220888527983,-5.413950840865258,-2.9487819681439724,3.628331050765031,10.895703434813187,3.3155597451301415,0.7792102319773436
pt17,722.000743916554,506.8895772928947,0.013069362303075927,0.08752878100474554,-0.9960762340137013,-5.021455513055766,-0.7517259305780298,3.652416732667424,10.720879494798215,3.3898311344580114,0.7799632865517971
pt17,722.000743916554,506.8895772928947,0.05257449758785186,0.10890250179179142,-0.9926611863134628,-6.252053482501066,-3.0317342890717534,3.6062065245437087,10.913195788357138,3.1776663858784184,0.78095248167838
pt17,722.000743916554,506.8895772928947,0.047466859793698246,0.08013401349984747,-0.9956532594944624,-4.596268874785574,-2.7294573567946037,3.5723735971450967,10.609180609768224,3.450259943847688,0.7796574373895402
pt17,722.000743916554,506.8895772928947,0.04375637488954252,0.06992238911037442,-0.9965923538316835,-4.0095295189963345,-2.5140133562227294,3.630047109919268,11.07124063739175,3.1520254853500993,0.7794876184165344
pt17,722.000743916554,506.8895772928947,0.009835605758567985,0.09279235301857358,-0.9956369083869152,-5.324269622700934,-0.5659898337907749,3.8163842415090268,10.387477003776452,3.505199365730389,0.7786813179447183
pt17,722.000743916554,506.8895772928947,0.053941431893703075,0.09757248843843197,-0.993765489561083,-5.59940061494453,-3.106956802056901,3.5087160217688584,10.918958014294414,3.0141475667559665,0.7814353777301876
pt17,722.000743916554,506.8895772928947,0.02729267380436454,0.09950102742804169,-0.9946631224144757,-5.710438151437539,-1.5717509874745117,3.6068051515671113,10.468261051264566,3.9032670758851125,0.7773659289232945
pt17,722.000743916554,506.8895772928947,0.004984636840870605,0.10024836221325072,-0.9949499329714745,-5.753472452073054,-0.28704586482240574,3.595121352163508,11.107418518648513,3.182744779251256,0.7805908788115872
pt17,722.000743916554,506.8895772928947,0.05410461288148649,0.11587338678185151,-0.9917893319240796,-6.654003213021747,-3.122534399543215,3.611204467775227,11.457786042882578,3.369174969292293,0.779009665204226
pt17,722.000743916554,506.8895772928947,0.049271472421791924,0.07210931041646623,-0.9961789749741763,-4.13514806876259,-2.8315682442603243,3.765852899469342,10.93075806682633,3.3023308402111,0.7815589750811651
pt17,722.000743916554,506.8895772928947,0.005612066795908687,0.08829282352551471,-0.9960787483759973,-5.065402071630198,-0.3228101592995738,3.7503091818365313,10.619152303350067,3.4324363375177698,0.7788519521037653
pt17,722.000743916554,506.8895772928947,0.029539091883895984,0.10282465625730716,-0.9942608087016058,-5.9018501135352,-1.7017341797842884,3.868052196955946,10.474427134764666,3.3690829958427417,0.7806522317030642
pt17,722.000743916554,506.8895772928947,-0.0036711880677640883,0.09630548010155467,-0.995345087934033,-5.526462866586245,0.21132633375383644,3.611127281875649,10.579765082574747,3.5937666923496683,0.7798344346104369
pt17,722.000743916554,506.8895772928947,0.009530862420785423,0.10322466119953162,-0.994612391798092,-5.9248913154597185,-0.5490193796855753,3.4031239777283604,11.211270906878985,3.024400582889121,0.781496003756208
pt17,722.000743916554,506.8895772928947,0.037997703772367435,0.09097931546950527,-0.9951276226747094,-5.219948884488496,-2.1867053620209957,3.707709572673346,10.780299980560558,3.3295546062474504,0.7819134442552906
pt17,722.000743916554,506.8895772928947,0.03581030642770697,0.10025649721812252,-0.9943169762633532,-5.75394091361154,-2.062614893989432,3.7273182455442693,10.986370250544176,3.1057302170518106,0.7810090515871696
pt17,722.000743916554,506.8895772928947,0.014610095045620042,0.1003346357123973,-0.9948464867719776,-5.7584406084208455,-0.8413726377332755,3.735820569335911,10.800233901263267,3.4442968714813254,0.7808811397486565
pt17,722.000743916554,506.8895772928947,0.0030014773748700788,0.09812924869858973,-0.9951691486911389,-5.631454451991865,-0.17280626581214115,3.5575077460561695,10.88601436284307,3.5489375765977744,0.7790069626027698
pt17,722.000743916554,506.8895772928947,0.008734446874504252,0.10653073768350475,-0.9942710475528403,-6.115366078975158,-0.503317551664879,3.558688462187021,11.00176505259758,3.20415590938615,0.7798205893949381
pt17,722.000743916554,506.8895772928947,0.05180409552875554,0.13265312877809712,-0.9898077819024168,-7.622933508938126,-2.995986083056301,3.931514413289638,10.538481325107883,3.422611647138998,0.7807904512146813
pt17,722.000743916554,506.8895772928947,0.004316961155076381,0.10657508078522966,-0.9942952922484393,-6.117921298332075,-0.24876121033696771,3.4719796934726483,10.958531475930823,3.193015235724615,0.7821788112570204
pt17,722.000743916554,506.8895772928947,0.05402373650129511,0.0971020975611558,-0.9938071069207385,-5.572320611985292,-3.1115580809075056,3.7674215634763293,10.609439093675679,3.0613938759257002,0.7819165621427085
pt17,722.000743916554,506.8895772928947,0.029985603572055236,0.07295543471925947,-0.9968843550955145,-4.183755450726653,-1.722898608522852,3.8115332173297674,10.848692713150236,3.3172168587294406,0.7819173054525054
pt17,722.000743916554,506.8895772928947,0.01829497466189318,0.09939146702656246,-0.9948801852831793,-5.704129530588643,-1.0535004295397787,3.510131120703113,10.268012647752172,3.663676519631729,0.7789037883170108
pt17,722.000743916554,506.8895772928947,0.005446455887247453,0.09307563739351617,-0.995644109717581,-5.340571170513921,-0.3134210507240814,3.608937640194132,10.583945130543759,3.474584363814334,0.7806793557825245
pt17,722.000743916554,506.8895772928947,0.017043533937042287,0.0897468280902903,-0.9958187557263561,-5.149042468723706,-0.980527052673279,3.8823580611537194,10.166876333319273,3.754400425755349,0.7789599812821864
pt17,722.000743916554,506.8895772928947,0.05969054768922437,0.08744216547284711,-0.9943796974143505,-5.016473707373963,-3.435224478341375,3.699248209906968,10.55782777286485,3.456136167861714,0.7782857225782647
pt17,722.000743916554,506.8895772928947,-0.006102288446802975,0.09540598712037528,-0.9954197168714336,-5.4746872990558275,0.3512397711405828,3.8668006003594475,10.965043173868708,3.637631799255147,0.777638270448241
pt17,722.000743916554,506.8895772928947,0.05287991706239272,0.1059495503677309,-0.9929644945959436,-6.081876966584232,-3.0483836331082697,3.864299528755069,10.750507029055296,3.493086538423686,0.7784151971113968
pt17,722.000743916554,506.8895772928947,-0.0034348823305758286,0.10633427997772919,-0.9943244903792041,-6.10404558032556,0.19792681335118906,4.070070056462273,10.378494360785142,3.4853952563723722,0.778496612825452
pt17,722.000743916554,506.8895772928947,0.056292516918067845,0.09101134132992995,-0.9942575593367637,-5.221791475447683,-3.2404922656122803,3.921749608657335,10.370108166171754,3.2248748258972686,0.7800159472625199
pt17,722.000743916554,506.8895772928947,0.04788400500693123,0.09818004178951284,-0.9940159927786649,-5.634378802912183,-2.7579356512041513,3.5634114505273353,10.583206887234565,3.662487944548726,0.7800923715012089
pt17,722.000743916554,506.8895772928947,0.01184925865456263,0.117257815551876,-0.9930308394259098,-6.733869594829549,-0.6836447220877715,3.7183048701337924,10.929045927093673,3.178774988805538,0.7791540239614968
pt17,722.000743916554,506.8895772928947,0.04996198320267808,0.09964897227116923,-0.9937675259811118,-5.7189571052506745,-2.8781405079818465,3.9942263210989526,10.165392920270268,3.1136960485110095,0.7768625466688606
pt17,722.000743916554,506.8895772928947,0.021679160334914335,0.08829571263405596,-0.9958583310367546,-5.065568254393854,-1.2470932782332007,3.8209332342529576,10.423802467762075,3.4672202367817753,0.7775650343859193
pt17,722.000743916554,506.8895772928947,0.04348913100349876,0.0974069649913469,-0.9942939992708203,-5.589871428020973,-2.504446894862263,3.931308413812292,10.315149094500741,3.1866282474376177,0.7778705793196018
pt17,722.000743916554,506.8895772928947,0.0641075904791434,0.06688301846144785,-0.9956991906794317,-3.8349775030302737,-3.68387516342288,3.836605317968449,10.409702345059452,3.5421648464496336,0.7817386220809631
pt17,722.000743916554,506.8895772928947,0.03721837811437808,0.0997248817707688,-0.9943187268656503,-5.723328172133188,-2.143639508752794,3.6428443543134112,10.583282729966665,3.5145534467034585,0.7786395457294549
pt17,722.000743916554,506.8895772928947,0.06178073631063102,0.08752642128436779,-0.9942445964283123,-5.021319790145622,-3.555694528920538,3.6206375256062824,10.220111478287723,3.3916436773009013,0.7809554615347055
pt18,1312.8844756215265,332.943293036143,-0.189782653853939,0.02126791526660267,-0.9815958012884551,-1.218653666689816,10.942605474865715,3.929313648582569,9.92651437393578,2.9163189681986728,0.7727236762167067
pt18,1312.8844756215265,332.943293036143,-0.1836149560277124,0.050683204741904166,-0.9816908003592789,-2.905178427917643,10.594164505497018,3.9130594457364647,10.60664723339007,3.564842630472162,0.7743875979800708
pt18,1312.8844756215265,332.943293036143,-0.1875863099461916,0.03747678049581616,-0.9815329049329742,-2.1477643114413163,10.819649906918057,4.119586469104808,10.529327239747582,3.568696455841057,0.7734536207919561
pt18,1312.8844756215265,332.943293036143,-0.2206415640702896,0.055214963505914774,-0.9737908792782991,-3.1651940500008515,12.766520989650383,4.101909622917579,9.90427970877083,3.488407504712526,0.7766505344638044
pt18,1312.8844756215265,332.943293036143,-0.1760655377435231,0.06596079905857788,-0.9821660494554373,-3.7820212744263406,10.163038735276736,3.8650399803006814,10.060981868432565,3.416778447633987,0.7768337416276342
pt18,1312.8844756215265,332.943293036143,-0.17629160168501967,0.055099501184364984,-0.9827946525744644,-3.158568460018909,10.169442673826138,3.6767246028864276,10.236082698016187,3.1461660902296775,0.7736877839982715
pt18,1312.8844756215265,332.943293036143,-0.1789155881693013,0.06423565097199774,-0.9817652143164897,-3.6829674506284737,10.328166060678011,3.9776383594847173,10.053757800912479,3.7175136841051866,0.7753337128305394
pt18,1312.8844756215265,332.943293036143,-0.18159371831284135,0.08715480778985887,-0.979503818032098,-4.999946226240889,10.503020767234895,4.011471904848438,10.41717009882021,3.313367882260784,0.7752802469603651
pt18,1312.8844756215265,332.943293036143,-0.19717396927132713,0.06384241933127136,-0.9782875300173453,-3.6603905957173186,11.39530633159697,3.823774132057982,10.354989565301688,3.194827297067759,0.7769501951394695
pt18,1312.8844756215265,332.943293036143,-0.15236961438359548,0.0637949071344889,-0.9862624707620388,-3.657662786758546,8.782304737501592,4.02508009414909,10.345896580805949,3.293922864071097,0.7792002450842519
pt18,1312.8844756215265,332.943293036143,-0.1585804474211519,0.07192279543784096,-0.9847230055423095,-4.124433727580312,9.14840484569711,3.655224988722975,9.930421191234544,2.8039103293744456,0.7770122179734882
pt18,1312.8844756215265,332.943293036143,-0.1688037488153076,0.0684161086247967,-0.9832723429182025,-3.9230187976688597,9.741320782209137,3.844256696979526,10.247101186721496,3.00405333351692,0.778664843107234
pt18,1312.8844756215265,332.943293036143,-0.16305789326684372,0.036657735149309714,-0.9859352834287373,-2.1008041962814157,9.390800672257635,3.8237377205161756,10.35397196938062,3.441114027958722,0.7767815734441651
pt18,1312.8844756215265,332.943293036143,-0.17411088358383178,0.04329765499566662,-0.9837737290156363,-2.48154866077347,10.036430321512134,3.661528898759068,10.141608831836091,3.589475539775768,0.7772749712365452
pt18,1312.8844756215265,332.943293036143,-0.14984449766201013,0.059145256704951306,-0.9869389110413855,-3.3907524502228354,8.633143713463497,3.81765708631149,10.07926365333707,3.1744924431223662,0.77560064827697
pt18,1312.8844756215265,332.943293036143,-0.14821997496787792,0.05243208711732553,-0.9875634816141069,-3.0055154660395096,8.535614191449167,3.7825593986540422,10.153986868850916,3.3979388225597145,0.7750145611568986
pt18,1312.8844756215265,332.943293036143,-0.16564336864798265,0.04299063492240929,-0.9852482098200095,-2.463941311335475,9.543516921319178,3.8836301060956098,9.809163413188326,3.6563491384054423,0.776097423448853
pt18,1312.8844756215265,332.943293036143,-0.1663443917352103,0.026715901617575456,-0.9857057450557276,-1.530890554898781,9.578792951956151,3.82987601159336,9.871938490347464,3.4497334477964277,0.7750849055094323
pt18,1312.8844756215265,332.943293036143,-0.18359183284905958,0.060727251283054076,-0.9811249929353134,-3.481557320737424,10.598830999746413,4.119463307139969,9.408821908322112,3.5585865163199384,0.7755709953926359
pt18,1312.8844756215265,332.943293036143,-0.1569095194031203,0.07510211866291074,-0.9847532831395912,-4.307089821270229,9.053341177859533,3.954509422266012,9.583235412368438,3.488301583156875,0.7749789741949129
pt18,1312.8844756215265,332.943293036143,-0.1716414781902085,0.0648555918271115,-0.9830223503034049,-3.718561668336621,9.904333389207768,4.123878785757549,9.885317983040373,3.4012957370386876,0.7734585611856671
pt18,1312.8844756215265,332.943293036143,-0.15923563515229755,0.05737404262331643,-0.9855720643893371,-3.2890966793078023,9.177780647365793,4.0706656632632905,9.913653088924555,3.3433565616588163,0.7770393626958737
pt18,1312.8844756215265,332.943293036143,-0.16069687528452503,0.04462697156755789,-0.985994434768756,-2.557786603225094,9.256650466890617,4.041503555857112,9.616173432429099,3.556867165792683,0.772582436924294
pt18,1312.8844756215265,332.943293036143,-0.15138610883586515,0.03630800517779032,-0.9878076744423689,-2.0807527961933108,8.713051648840391,4.004972105403706,10.067000577973175,3.293974103173314,0.7720258683185544
pt18,1312.8844756215265,332.943293036143,-0.1780854501855849,0.04603597294553684,-0.9829375714303094,-2.6385995178868185,10.26926804054218,4.05498448486176,9.762769854552333,3.2178109562315464,0.7746815758306648
pt18,1312.8844756215265,332.943293036143,-0.16001469819111006,0.04594196627050406,-0.9860449342407428,-2.6332076272565583,9.217566889945019,3.83326924549978,10.32400009503249,3.243850159185753,0.7762384737505995
pt18,1312.8844756215265,332.943293036143,-0.17653781553167197,0.035579234943814,-0.9836506038541735,-2.0389703376051314,10.174672460399501,3.9162453922402243,9.500775856875787,3.682498290756721,0.7743066416067235
pt18,1312.8844756215265,332.943293036143,-0.16106707009442697,0.06836695338772011,-0.9845727240776831,-3.920195800158372,9.290767786551488,3.8679864154893835,9.899409014956062,3.5988370434966925,0.7766071512467565
pt18,1312.8844756215265,332.943293036143,-0.160134391142454,0.0282800595826015,-0.986690032185379,-1.6205441156340235,9.218415958599047,3.9163417821426902,9.97723554182217,3.602741284388817,0.7731720401411759
pt18,1312.8844756215265,332.943293036143,-0.172630444449616,0.024788054820884847,-0.9846747592100049,-1.4203964087826042,9.943880015554246,3.848210924264952,10.394200150556143,3.2247255982631593,0.7749611140519752
pt18,1312.8844756215265,332.943293036143,-0.16322081153768098,0.029531964769378225,-0.986147465813776,-1.6923029894856747,9.398029603418106,3.8656853970767306,10.178626305869098,3.324664974065193,0.774967589049482
pt18,1312.8844756215265,332.943293036143,-0.15957287310950258,0.03770391403127688,-0.9864658882270068,-2.160787308660129,9.1886950756415,4.030018467910507,10.279153303535352,3.590142159703749,0.7757227619813015
pt18,1312.8844756215265,332.943293036143,-0.17764738998175708,0.05210177496582449,-0.982714019766548,-2.986564070030587,10.24682406185935,3.753339622273175,10.190972508153408,3.628096559074524,0.7756297435732679
pt18,1312.8844756215265,332.943293036143,-0.15365939175421667,0.06746687007517607,-0.9858179483130977,-3.8685054693982583,8.8594014659093,4.060270705048518,10.521716760893534,3.3067276345972285,0.7765423142904172
pt18,1312.8844756215265,332.943293036143,-0.15613538108147418,0.023548932836441012,-0.9874549378395122,-1.3493792000424254,8.985162609759914,3.8704613502858143,9.91943639510311,3.3749718290901307,0.778787087702033
pt18,1312.8844756215265,332.943293036143,-0.16474427545240278,0.05273027635263768,-0.9849258282805041,-3.022624117988232,9.4957115701786,3.731031970240625,9.953643343233471,3.610461287494404,0.7789502199474458
pt18,1312.8844756215265,332.943293036143,-0.1506980261655904,0.05689258690837788,-0.9869413848565798,-3.261466165710973,8.681550337505358,3.7728379505844547,10.1160665467918,3.770748687366746,0.777215885952305
pt18,1312.8844756215265,332.943293036143,-0.15472363675968476,0.0321015630355387,-0.9874360937030066,-1.839600124504662,8.905395683318602,3.693833096900525,10.043208491937918,3.3076131675513145,0.7797557428893901
pt18,1312.8844756215265,332.943293036143,-0.1615170861064272,0.0441260463010645,-0.9858829347047177,-2.5290573975139905,9.304106968912285,3.852955123978194,9.789858575561368,3.7105222708520684,0.7789856838578103
pt18,1312.8844756215265,332.943293036143,-0.12553349957130763,0.022694369115871724,-0.9918297990815493,-1.3004032107405374,7.213433279048736,3.758923939480446,9.89194183496335,3.564456873386416,0.7779964941755008
pt18,1312.8844756215265,332.943293036143,-0.16881030021832483,0.03306687309801138,-0.985093724740323,-1.8949377037831832,9.72402396912651,3.746534381441944,9.700950482991958,3.155955938749841,0.7813750288010473
pt18,1312.8844756215265,332.943293036143,-0.1684975180955058,0.0735375225806646,-0.9829551341320764,-4.217196455891551,9.727064601546909,3.7405625328732404,9.840514824890796,3.624103670848846,0.7752918223357945
pt18,1312.8844756215265,332.943293036143,-0.15086421019100357,0.04779961685040821,-0.9873981692466094,-2.7397602863146178,8.68701869786518,3.996976830756896,10.411884835176544,3.530285193610965,0.7761495216648632
pt18,1312.8844756215265,332.943293036143,-0.15163496080260774,0.05351774593544638,-0.9869866869041177,-3.0678066039180747,8.734301489646692,3.8740563436700484,9.857755488540223,3.406338187107416,0.7767871319987782
pt18,1312.8844756215265,332.943293036143,-0.14268611570854217,0.0411591915219904,-0.988911822558898,-2.3589143135656743,8.2103155089295,3.866656315084064,10.18261567368989,3.403590300555867,0.777116192750583
pt18,1312.8844756215265,332.943293036143,-0.1465486665179909,0.029431366456559173,-0.9887655299310881,-1.6865366242159672,8.430648074968767,3.7866617939716325,10.11260039548715,3.343791811754981,0.7784346226810641
pt18,1312.8844756215265,332.943293036143,-0.15696462995909408,0.038867929270967,-0.9868390981261465,-2.227529406586291,9.0376424670427,3.7088323033960227,9.692988732964288,3.1227122222103385,0.7778286291390843
pt18,1312.8844756215265,332.943293036143,-0.12855297970765275,0.058365899451622565,-0.9899836156768688,-3.346021290118894,7.3986657378653256,3.543896900504767,9.655748157718557,3.4569126629927727,0.7822405458791443
pt18,1312.8844756215265,332.943293036143,-0.15566754507651762,0.016678433265124314,-0.9876686646993269,-0.9556481439370389,8.956770050300108,3.8153855692100422,9.73013984298431,3.4057788426813875,0.7789494337352664
pt18,1312.8844756215265,332.943293036143,-0.16560274237244332,0.05043099444001042,-0.9849022564385115,-2.8907093385561344,9.544509051652662,4.039787044304033,9.999903225955395,3.6159122454692025,0.7803575658679099
pt18,1312.8844756215265,332.943293036143,-0.1753179628871836,0.0560891011542794,-0.9829128522367782,-3.2153561896227125,10.11324948122143,3.811329767330959,9.61740339079073,3.3968587292435677,0.7803606429052128
pt18,1312.8844756215265,332.943293036143,-0.21278479284845572,0.1219025290327485,-0.969465020451693,-7.001915679489707,12.37936978020928,3.81349031317576,9.84009644618528,3.6449640206599034,0.7767120005739891
pt18,1312.8844756215265,332.943293036143,-0.17851101839507288,0.2591539398114423,-0.9491960166986345,-15.01986585784867,10.650952130938915,3.96834890077142,10.988535428104301,4.07718886900769,0.7787573567172871
pt18,1312.8844756215265,332.943293036143,0.2184770712726079,0.3176686583122304,-0.9226886684890415,-18.521993665177906,-13.321329329985854,4.285257239627531,12.638405472833783,3.8913880672772345,0.7815425821663767
pt18,1312.8844756215265,332.943293036143,0.1860765867968805,0.29655425400577407,-0.9367128710233538,-17.250760671460903,-11.235455017269034,4.10236319551697,12.85447498525767,4.190142824841179,0.7809515591473518
pt18,1312.8844756215265,332.943293036143,-0.150487428445858,0.18651709883064702,-0.9708578440366487,-10.749595429183346,8.810990171231522,4.564763229938252,11.630184878404782,3.3532288385385716,0.7780642860813
pt18,1312.8844756215265,332.943293036143,-0.20665585440881956,0.17471972457147575,-0.9626870688249086,-10.062348227657264,12.115568983377194,3.8478498096507607,10.553672210594929,3.66049970268421,0.7786764237227946
pt18,1312.8844756215265,332.943293036143,-0.16837970435406655,0.06221642218400232,-0.9837567333866403,-3.567042203780668,9.712623629769466,3.830611361574555,10.55377857642977,3.065102305519486,0.7754140662398732
pt18,1312.8844756215265,332.943293036143,-0.18589750959183554,0.039713228996048476,-0.981766236556357,-2.2759989415707214,10.722022249357291,4.060029215283899,10.286521141236607,4.095373366185961,0.7748562840375252
pt18,1312.8844756215265,332.943293036143,-0.20023554016964737,0.03712256537532037,-0.979044210799247,-2.127455147252462,11.558810580694574,3.8797878623192728,9.642614259889042,3.6132190955422696,0.7734310569938067
pt18,1312.8844756215265,332.943293036143,-0.17951776547269685,0.05789961977261736,-0.982049422911142,-3.31926017543328,10.359241890485377,4.028691668403457,9.771925186026426,3.733008127856118,0.7708996301481659
pt18,1312.8844756215265,332.943293036143,-0.18741550509439392,0.06550014684291151,-0.9800944682993026,-3.7555706446481865,10.825521138623392,4.188511539604953,9.377686202313086,3.497467983348778,0.7716931942317935
pt18,1312.8844756215265,332.943293036143,-0.17512623293929513,0.08066331013693666,-0.9812361166457315,-4.626693830602133,10.119323971918165,3.8560712872383616,9.793054873677981,3.263208348485757,0.7724612173838448
pt18,1312.8844756215265,332.943293036143,-0.19176654639745538,0.08799008123763151,-0.9774882976672887,-5.047988441785448,11.099490144416825,4.027354703298499,9.546436735012875,3.726521541373796,0.7748901899725676
pt18,1312.8844756215265,332.943293036143,-0.14670283080423502,0.047482640621971356,-0.9880403473001431,-2.721578240734558,8.44549405647914,3.812095388153322,9.924131196613207,3.7312395311952367,0.7740097894141044
pt18,1312.8844756215265,332.943293036143,-0.17233913653405533,0.0687396817703191,-0.9826362550900746,-3.941601922397353,9.947617913809486,4.104270414951207,9.54797157077421,3.701417654675253,0.773986269723427
pt18,1312.8844756215265,332.943293036143,-0.15470294919793948,0.05310357988684545,-0.9865328148589291,-3.04404284449677,8.912246034301804,4.128588418716805,9.565100179155637,3.6846509762314033,0.7745504328719288
pt18,1312.8844756215265,332.943293036143,-0.185624276719438,0.05100952987633004,-0.9812959060495094,-2.9238996971605387,10.711640472615283,3.946040725032069,9.792114116687594,3.595788421986089,0.7740263528436919
pt18,1312.8844756215265,332.943293036143,-0.15470835692320387,0.04151242778687831,-0.9870876915740009,-2.3791705736400837,8.90762286805106,4.063625775121745,9.762237382736927,3.902258512782444,0.7746696571156009
pt18,1312.8844756215265,332.943293036143,-0.21521863182392612,0.07505349895674146,-0.9736775709882407,-4.304296232900942,12.464071230287173,3.9550278199722766,9.76222347600249,3.669649487805882,0.7748256899940751
pt18,1312.8844756215265,332.943293036143,-0.18972876845530612,0.05004232736094712,-0.9805603998106303,-2.8684122014855373,10.95084576759863,3.711749271196807,9.838389707378328,3.96292922349301,0.7768483941053068
pt18,1312.8844756215265,332.943293036143,-0.17556144918721564,0.023167444835833308,-0.9841958781877977,-1.3275155822766782,10.11407539254277,3.7665247417321606,9.72634253024258,3.6434400696412133,0.7740281256031275
pt18,1312.8844756215265,332.943293036143,-0.16899026988917337,0.03742795638327392,-0.9849068115897512,-2.1449649318481883,9.736004553408064,4.030591294242248,9.931138914733546,3.311307555820658,0.7719566795046566
pt18,1312.8844756215265,332.943293036143,-0.17342615939461806,0.050092986755116184,-0.9835721469502446,-2.871318415855998,9.999765676930338,3.9992182867102546,9.878309773767075,3.4298715551838743,0.7727936017532658
pt18,1312.8844756215265,332.943293036143,-0.14499277893041088,0.05075420721445648,-0.9881300802503851,-2.909251812465381,8.347696588763737,3.651700843850551,10.145677134214024,3.4801306794931093,0.7749650472441956
pt18,1312.8844756215265,332.943293036143,-0.16984079414264322,0.023652593583967787,-0.985187666525321,-1.3553201781606001,9.781325560986762,3.827206342574198,10.02092978208585,3.6746594728038047,0.7704550681681522
pt18,1312.8844756215265,332.943293036143,-0.1837500653245477,0.06285961390582002,-0.9809610482749771,-3.603966652068479,10.609491188332557,3.84016112000611,9.652678641978438,3.374360837442167,0.7745196766687975
pt18,1312.8844756215265,332.943293036143,-0.19299378454962554,0.04442360674556658,-0.9801938498948278,-2.5461230900019833,11.138686340982325,3.7651220650570947,10.037530691539395,3.590498611589486,0.7750384687821871
pt18,1312.8844756215265,332.943293036143,-0.1624995235321114,0.05956960356769011,-0.9849088256902194,-3.4151086797596246,9.368794271624605,3.9122844626158098,10.06019262765741,3.525849357740682,0.7742378821028418
pt18,1312.8844756215265,332.943293036143,-0.15391247179757644,0.06278398650964072,-0.9860878041950591,-3.5996249455380482,8.871371251738353,3.9830959549299467,10.303158530356923,3.3420476024377916,0.7751252869746714
pt18,1312.8844756215265,332.943293036143,-0.16697299505718657,0.0637757543012598,-0.9838966640536957,-3.6565631710379716,9.631662959649711,3.9703607875428504,9.874710587403051,3.4469531681520604,0.7766804725107845
pt18,1312.8844756215265,332.943293036143,-0.1737910373205941,0.041772883580430735,-0.983896238844168,-2.3941065473384797,10.017144802211808,3.738559678860007,10.495705276589531,3.6184181574305185,0.7768089223031127
pt18,1312.8844756215265,332.943293036143,-0.15885119684988133,0.03905719464630009,-0.9865297125987582,-2.238381754318467,9.147261100972164,3.7740478972830407,9.974036042406585,3.3974469700805976,0.7763494395040916
pt18,1312.8844756215265,332.943293036143,-0.18138705053528406,0.05703246813818441,-0.9817565845710138,-3.269493804158234,10.467792065513654,3.688902905547157,10.646407889688435,3.171155823216473,0.774910029791572
pt18,1312.8844756215265,332.943293036143,-0.17761806275455633,0.048648401983204755,-0.9828963631157418,-2.7884487404047404,10.243307876586544,3.947616675579708,10.33290830381118,2.9706442297886846,0.7771868475199442
pt18,1312.8844756215265,332.943293036143,-0.14440123653368414,0.060803398637716305,-0.9876492760003337,-3.4859283200377145,8.318107465123385,3.8406611963698207,10.430755808415242,3.4197787308869656,0.7756080131776074
pt18,1312.8844756215265,332.943293036143,-0.1685453832256846,0.043830646399564126,-0.984718914437887,-2.512115838606298,9.712679709711951,4.054113425146379,10.34134803744068,3.4101820421027056,0.7764152034791989
pt18,1312.8844756215265,332.943293036143,-0.18152513687372215,0.05798614378689664,-0.9816751975920098,-3.3242259793274114,10.476433907485815,3.7840163613030944,9.45609910492013,3.5550981627091254,0.7778599955402784
pt18,1312.8844756215265,332.943293036143,-0.18141028029375286,0.030902886713454657,-0.982921880624112,-1.7708869225026704,10.456965379856337,3.6155319914360087,10.09856444827817,3.0688930938736,0.7765845822671817
pt18,1312.8844756215265,332.943293036143,-0.1507455610868788,0.04707637413458338,-0.9874510924033577,-2.698274825250422,8.679832639714267,4.3063548382216466,10.198383976174133,3.3640185531452302,0.7748722016474755
pt18,1312.8844756215265,332.943293036143,-0.17405242837950677,0.05502958464793401,-0.9831975837931786,-3.154556450530002,10.038888978675265,3.8469995048241845,10.563926303541816,3.238652244244122,0.7754574571593161
pt18,1312.8844756215265,332.943293036143,-0.12214414775211975,0.030794247543059438,-0.9920346036147232,-1.7646593926759995,7.019208811180741,4.160392980327325,9.81633194396051,3.7793674691386445,0.7753243559182686
pt18,1312.8844756215265,332.943293036143,-0.16201723882554936,0.03825772300303352,-0.986046025619483,-2.1925411371965517,9.330895463286943,3.8675614248725276,10.182111873392227,3.3500552287224745,0.7761584678019336
pt18,1312.8844756215265,332.943293036143,-0.15954827213518652,0.05460836343546077,-0.9856785859305076,-3.130385907617568,9.194515626445506,3.7936990680054894,10.57961625756016,3.4093255422200404,0.7782446258718371
pt18,1312.8844756215265,332.943293036143,-0.16237194028352678,0.06127998861064692,-0.9848248588553431,-3.513285930310692,9.362352858826199,4.076298401267906,10.219886081519075,3.302189595564999,0.7791297445156768
pt18,1312.8844756215265,332.943293036143,-0.1595236078053698,0.048480970680417936,-0.9860029326067977,-2.7788443005253707,9.1901460557784,3.9581347040275685,9.746040275685818,3.237174090622932,0.776658684629525
pt18,1312.8844756215265,332.943293036143,-0.15917105760073652,0.06171195035926863,-0.9853202917103915,-3.538082447192822,9.17642625715015,3.847473175834673,10.443908614110347,3.5760757594153496,0.7779010973975965
pt18,1312.8844756215265,332.943293036143,-0.16380928304212417,0.06472311734295212,-0.9843665717928766,-3.7109554585641704,9.448060832215237,3.855900058811673,10.43921674127673,3.034012031632246,0.7778138340428825
pt18,1312.8844756215265,332.943293036143,-0.1537314208249407,0.04121759081492464,-0.9872526209617988,-2.3622631884392336,8.850812137842683,3.9742507353237273,10.294245160532455,3.311077969087742,0.7814200758126623
pt18,1312.8844756215265,332.943293036143,-0.15352980756574752,0.040288076905078206,-0.9873224362026692,-2.3089616826874844,8.838772860713668,3.9894940546669826,10.591983546742776,2.9508155172584534,0.77788463154088
pt18,1312.8844756215265,332.943293036143,-0.14510225827106737,0.024701946968980953,-0.9891082986799085,-1.4154612811261678,8.345765234252093,3.9476397300731842,10.112472663026303,3.2945723027218214,0.7788963661310779
pt18,1312.8844756215265,332.943293036143,-0.16849691498771474,0.041254674287044935,-0.9848384693694311,-2.3643897236508264,9.708783527364478,4.052486863640603,10.90253484347336,3.3532567544799807,0.7802884558295132
pt18,1312.8844756215265,332.943293036143,-0.19235277162716136,0.06725351415819063,-0.979018537088639,-3.856253247606572,11.115607739044266,3.8324629225837312,10.079768788539281,3.2851032662045383,0.7766151973922211
pt18,1312.8844756215265,332.943293036143,-0.2040380243973399,0.042475121296981305,-0.9780410913631742,-2.4343775504780174,11.783978614476702,4.005224555352481,10.070521392922197,3.5808344856890413,0.7769618437414644
pt18,1312.8844756215265,332.943293036143,-0.18646784160122715,0.040988100936942974,-0.9816056644225007,-2.3491032657859434,10.755869433340711,3.9235079695515465,10.461813441013044,3.1114568372768128,0.7791837629674296
pt18,1312.8844756215265,332.943293036143,-0.17690021140495174,0.005939149740741074,-0.9842109056082852,-0.3402902145984685,10.189438968520067,3.9482123113491157,9.97593984903481,3.274848565232946,0.7805449201536611
pt18,1312.8844756215265,332.943293036143,-0.12715856910701423,0.04622761496296106,-0.9908045560759023,-2.6495914991597744,7.31328877430002,4.0030893464133,9.81525790962159,3.119206214227889,0.7788914759198233
pt18,1312.8844756215265,332.943293036143,-0.16665449149685735,0.02795767850206618,-0.9856189500827989,-1.6020657336411754,9.597147338862312,4.109615998818088,10.381507161805091,3.2056510628617123,0.7809933052835967
pt18,1312.8844756215265,332.943293036143,-0.16510031069200032,0.06215610711342483,-0.9843162939634253,-3.5635797033375973,9.521643016653748,3.715422964547213,10.32139472545092,2.928145349624727,0.7808688870224738
pt18,1312.8844756215265,332.943293036143,-0.1672263362587161,0.046742983407344355,-0.9848098500132646,-2.679151891794724,9.637225676345233,3.7055422120527246,10.30350437901788,3.0728135534116454,0.7819566425551392
pt18,1312.8844756215265,332.943293036143,-0.14463200294915585,0.05985942560274515,-0.9876731967627356,-3.43174394493192,8.331015182857522,3.729484341448287,10.852185483908011,3.169301031709281,0.7810911874711745
pt18,1312.8844756215265,332.943293036143,-0.16775495745408206,0.057704304500084916,-0.9841384612650759,-3.30805069314275,9.67358645097369,3.827083223988053,10.39386772418921,3.155550184296828,0.7795378769731068
pt18,1312.8844756215265,332.943293036143,-0.18159872246032938,0.026883944485858173,-0.9830051570286672,-1.5405221615440272,10.46672053366397,3.7510583191473716,10.43593441647294,3.112885132690037,0.7798535888733108
